file,line,type,commit,author,date,time,timezone,datetime,depth,length
/Users/cj/Documents/GitHub/portfolio/style.css,1,css,4f8f2ad6,cjkmy,2026-04-08,13:26:13,-07:00,2026-04-08T13:26:13-07:00,0,4
/Users/cj/Documents/GitHub/portfolio/style.css,2,css,9513d8d7,cjkmy,2026-04-15,18:44:08,-07:00,2026-04-15T18:44:08-07:00,1,44
/Users/cj/Documents/GitHub/portfolio/style.css,3,css,c4eb66bf,cjkmy,2026-04-08,17:21:38,-07:00,2026-04-08T17:21:38-07:00,1,32
/Users/cj/Documents/GitHub/portfolio/style.css,4,css,4f8f2ad6,cjkmy,2026-04-08,13:26:13,-07:00,2026-04-08T13:26:13-07:00,0,0
/Users/cj/Documents/GitHub/portfolio/style.css,5,css,4f8f2ad6,cjkmy,2026-04-08,13:26:13,-07:00,2026-04-08T13:26:13-07:00,0,0
/Users/cj/Documents/GitHub/portfolio/style.css,6,css,46342b6c,cjkmy,2026-04-03,18:31:51,-07:00,2026-04-03T18:31:51-07:00,0,4
/Users/cj/Documents/GitHub/portfolio/style.css,7,css,46342b6c,cjkmy,2026-04-03,18:31:51,-07:00,2026-04-03T18:31:51-07:00,1,23
/Users/cj/Documents/GitHub/portfolio/style.css,8,css,1c2806a7,cjkmy,2026-04-08,12:31:43,-07:00,2026-04-08T12:31:43-07:00,1,15
/Users/cj/Documents/GitHub/portfolio/style.css,9,css,1c2806a7,cjkmy,2026-04-08,12:31:43,-07:00,2026-04-08T12:31:43-07:00,1,18
/Users/cj/Documents/GitHub/portfolio/style.css,10,css,6eda3bd8,cjkmy,2026-04-08,12:43:12,-07:00,2026-04-08T12:43:12-07:00,0,0
/Users/cj/Documents/GitHub/portfolio/style.css,11,css,6eda3bd8,cjkmy,2026-04-08,12:43:12,-07:00,2026-04-08T12:43:12-07:00,0,0
/Users/cj/Documents/GitHub/portfolio/style.css,12,css,6eda3bd8,cjkmy,2026-04-08,12:43:12,-07:00,2026-04-08T12:43:12-07:00,0,14
/Users/cj/Documents/GitHub/portfolio/style.css,13,css,c4eb66bf,cjkmy,2026-04-08,17:21:38,-07:00,2026-04-08T17:21:38-07:00,1,16
/Users/cj/Documents/GitHub/portfolio/style.css,14,css,c4eb66bf,cjkmy,2026-04-08,17:21:38,-07:00,2026-04-08T17:21:38-07:00,0,0
/Users/cj/Documents/GitHub/portfolio/style.css,15,css,35d01191,cjkmy,2026-04-08,12:45:27,-07:00,2026-04-08T12:45:27-07:00,0,0
/Users/cj/Documents/GitHub/portfolio/style.css,16,css,c4eb66bf,cjkmy,2026-04-08,17:21:38,-07:00,2026-04-08T17:21:38-07:00,0,3
/Users/cj/Documents/GitHub/portfolio/style.css,17,css,35d01191,cjkmy,2026-04-08,12:45:27,-07:00,2026-04-08T12:45:27-07:00,1,12
/Users/cj/Documents/GitHub/portfolio/style.css,18,css,35d01191,cjkmy,2026-04-08,12:45:27,-07:00,2026-04-08T12:45:27-07:00,0,0
/Users/cj/Documents/GitHub/portfolio/style.css,19,css,35d01191,cjkmy,2026-04-08,12:45:27,-07:00,2026-04-08T12:45:27-07:00,0,0
/Users/cj/Documents/GitHub/portfolio/style.css,20,css,35d01191,cjkmy,2026-04-08,12:45:27,-07:00,2026-04-08T12:45:27-07:00,0,5
/Users/cj/Documents/GitHub/portfolio/style.css,21,css,35d01191,cjkmy,2026-04-08,12:45:27,-07:00,2026-04-08T12:45:27-07:00,1,6
/Users/cj/Documents/GitHub/portfolio/style.css,22,css,35d01191,cjkmy,2026-04-08,12:45:27,-07:00,2026-04-08T12:45:27-07:00,1,17
/Users/cj/Documents/GitHub/portfolio/style.css,23,css,c4eb66bf,cjkmy,2026-04-08,17:21:38,-07:00,2026-04-08T17:21:38-07:00,1,20
/Users/cj/Documents/GitHub/portfolio/style.css,24,css,4f8f2ad6,cjkmy,2026-04-08,13:26:13,-07:00,2026-04-08T13:26:13-07:00,1,13
/Users/cj/Documents/GitHub/portfolio/style.css,25,css,4f8f2ad6,cjkmy,2026-04-08,13:26:13,-07:00,2026-04-08T13:26:13-07:00,1,13
/Users/cj/Documents/GitHub/portfolio/style.css,26,css,4f8f2ad6,cjkmy,2026-04-08,13:26:13,-07:00,2026-04-08T13:26:13-07:00,0,0
/Users/cj/Documents/GitHub/portfolio/style.css,27,css,4f8f2ad6,cjkmy,2026-04-08,13:26:13,-07:00,2026-04-08T13:26:13-07:00,0,0
/Users/cj/Documents/GitHub/portfolio/style.css,28,css,4f8f2ad6,cjkmy,2026-04-08,13:26:13,-07:00,2026-04-08T13:26:13-07:00,0,13
/Users/cj/Documents/GitHub/portfolio/style.css,29,css,4f8f2ad6,cjkmy,2026-04-08,13:26:13,-07:00,2026-04-08T13:26:13-07:00,1,43
/Users/cj/Documents/GitHub/portfolio/style.css,30,css,4f8f2ad6,cjkmy,2026-04-08,13:26:13,-07:00,2026-04-08T13:26:13-07:00,1,20
/Users/cj/Documents/GitHub/portfolio/style.css,31,css,4f8f2ad6,cjkmy,2026-04-08,13:26:13,-07:00,2026-04-08T13:26:13-07:00,0,0
/Users/cj/Documents/GitHub/portfolio/style.css,32,css,4f8f2ad6,cjkmy,2026-04-08,13:26:13,-07:00,2026-04-08T13:26:13-07:00,0,0
/Users/cj/Documents/GitHub/portfolio/style.css,33,css,4f8f2ad6,cjkmy,2026-04-08,13:26:13,-07:00,2026-04-08T13:26:13-07:00,0,11
/Users/cj/Documents/GitHub/portfolio/style.css,34,css,4f8f2ad6,cjkmy,2026-04-08,13:26:13,-07:00,2026-04-08T13:26:13-07:00,1,45
/Users/cj/Documents/GitHub/portfolio/style.css,35,css,9513d8d7,cjkmy,2026-04-15,18:44:08,-07:00,2026-04-15T18:44:08-07:00,1,69
/Users/cj/Documents/GitHub/portfolio/style.css,36,css,43b948fa,cjkmy,2026-04-08,15:36:01,-07:00,2026-04-08T15:36:01-07:00,0,0
/Users/cj/Documents/GitHub/portfolio/style.css,37,css,43b948fa,cjkmy,2026-04-08,15:36:01,-07:00,2026-04-08T15:36:01-07:00,0,0
/Users/cj/Documents/GitHub/portfolio/style.css,38,css,086bb325,cjkmy,2026-04-08,15:38:03,-07:00,2026-04-08T15:38:03-07:00,0,4
/Users/cj/Documents/GitHub/portfolio/style.css,39,css,086bb325,cjkmy,2026-04-08,15:38:03,-07:00,2026-04-08T15:38:03-07:00,1,12
/Users/cj/Documents/GitHub/portfolio/style.css,40,css,086bb325,cjkmy,2026-04-08,15:38:03,-07:00,2026-04-08T15:38:03-07:00,1,30
/Users/cj/Documents/GitHub/portfolio/style.css,41,css,086bb325,cjkmy,2026-04-08,15:38:03,-07:00,2026-04-08T15:38:03-07:00,1,7
/Users/cj/Documents/GitHub/portfolio/style.css,42,css,086bb325,cjkmy,2026-04-08,15:38:03,-07:00,2026-04-08T15:38:03-07:00,0,0
/Users/cj/Documents/GitHub/portfolio/style.css,43,css,086bb325,cjkmy,2026-04-08,15:38:03,-07:00,2026-04-08T15:38:03-07:00,0,0
/Users/cj/Documents/GitHub/portfolio/style.css,44,css,43b948fa,cjkmy,2026-04-08,15:36:01,-07:00,2026-04-08T15:36:01-07:00,0,5
/Users/cj/Documents/GitHub/portfolio/style.css,45,css,086bb325,cjkmy,2026-04-08,15:38:03,-07:00,2026-04-08T15:38:03-07:00,1,12
/Users/cj/Documents/GitHub/portfolio/style.css,46,css,086bb325,cjkmy,2026-04-08,15:38:03,-07:00,2026-04-08T15:38:03-07:00,1,29
/Users/cj/Documents/GitHub/portfolio/style.css,47,css,086bb325,cjkmy,2026-04-08,15:38:03,-07:00,2026-04-08T15:38:03-07:00,1,18
/Users/cj/Documents/GitHub/portfolio/style.css,48,css,43b948fa,cjkmy,2026-04-08,15:36:01,-07:00,2026-04-08T15:36:01-07:00,0,0
/Users/cj/Documents/GitHub/portfolio/style.css,49,css,43b948fa,cjkmy,2026-04-08,15:36:01,-07:00,2026-04-08T15:36:01-07:00,0,0
/Users/cj/Documents/GitHub/portfolio/style.css,50,css,086bb325,cjkmy,2026-04-08,15:38:03,-07:00,2026-04-08T15:38:03-07:00,0,6
/Users/cj/Documents/GitHub/portfolio/style.css,51,css,086bb325,cjkmy,2026-04-08,15:38:03,-07:00,2026-04-08T15:38:03-07:00,1,18
/Users/cj/Documents/GitHub/portfolio/style.css,52,css,7180d368,cjkmy,2026-04-08,17:19:36,-07:00,2026-04-08T17:19:36-07:00,0,0
/Users/cj/Documents/GitHub/portfolio/style.css,53,css,7180d368,cjkmy,2026-04-08,17:19:36,-07:00,2026-04-08T17:19:36-07:00,0,0
/Users/cj/Documents/GitHub/portfolio/style.css,54,css,7180d368,cjkmy,2026-04-08,17:19:36,-07:00,2026-04-08T17:19:36-07:00,0,9
/Users/cj/Documents/GitHub/portfolio/style.css,55,css,7180d368,cjkmy,2026-04-08,17:19:36,-07:00,2026-04-08T17:19:36-07:00,1,12
/Users/cj/Documents/GitHub/portfolio/style.css,56,css,7180d368,cjkmy,2026-04-08,17:19:36,-07:00,2026-04-08T17:19:36-07:00,1,58
/Users/cj/Documents/GitHub/portfolio/style.css,57,css,7180d368,cjkmy,2026-04-08,17:19:36,-07:00,2026-04-08T17:19:36-07:00,1,7
/Users/cj/Documents/GitHub/portfolio/style.css,58,css,7180d368,cjkmy,2026-04-08,17:19:36,-07:00,2026-04-08T17:19:36-07:00,0,0
/Users/cj/Documents/GitHub/portfolio/style.css,59,css,7180d368,cjkmy,2026-04-08,17:19:36,-07:00,2026-04-08T17:19:36-07:00,0,0
/Users/cj/Documents/GitHub/portfolio/style.css,60,css,7180d368,cjkmy,2026-04-08,17:19:36,-07:00,2026-04-08T17:19:36-07:00,0,17
/Users/cj/Documents/GitHub/portfolio/style.css,61,css,7180d368,cjkmy,2026-04-08,17:19:36,-07:00,2026-04-08T17:19:36-07:00,1,12
/Users/cj/Documents/GitHub/portfolio/style.css,62,css,7180d368,cjkmy,2026-04-08,17:19:36,-07:00,2026-04-08T17:19:36-07:00,1,26
/Users/cj/Documents/GitHub/portfolio/style.css,63,css,7180d368,cjkmy,2026-04-08,17:19:36,-07:00,2026-04-08T17:19:36-07:00,1,15
/Users/cj/Documents/GitHub/portfolio/style.css,64,css,7180d368,cjkmy,2026-04-08,17:19:36,-07:00,2026-04-08T17:19:36-07:00,1,7
/Users/cj/Documents/GitHub/portfolio/style.css,65,css,7180d368,cjkmy,2026-04-08,17:19:36,-07:00,2026-04-08T17:19:36-07:00,0,0
/Users/cj/Documents/GitHub/portfolio/style.css,66,css,7180d368,cjkmy,2026-04-08,17:19:36,-07:00,2026-04-08T17:19:36-07:00,0,0
/Users/cj/Documents/GitHub/portfolio/style.css,67,css,7180d368,cjkmy,2026-04-08,17:19:36,-07:00,2026-04-08T17:19:36-07:00,0,20
/Users/cj/Documents/GitHub/portfolio/style.css,68,css,7180d368,cjkmy,2026-04-08,17:19:36,-07:00,2026-04-08T17:19:36-07:00,1,8
/Users/cj/Documents/GitHub/portfolio/style.css,69,css,9513d8d7,cjkmy,2026-04-15,18:44:08,-07:00,2026-04-15T18:44:08-07:00,0,0
/Users/cj/Documents/GitHub/portfolio/style.css,70,css,9513d8d7,cjkmy,2026-04-15,18:44:08,-07:00,2026-04-15T18:44:08-07:00,0,0
/Users/cj/Documents/GitHub/portfolio/style.css,71,css,9513d8d7,cjkmy,2026-04-15,18:44:08,-07:00,2026-04-15T18:44:08-07:00,0,4
/Users/cj/Documents/GitHub/portfolio/style.css,72,css,9513d8d7,cjkmy,2026-04-15,18:44:08,-07:00,2026-04-15T18:44:08-07:00,1,23
/Users/cj/Documents/GitHub/portfolio/style.css,73,css,9513d8d7,cjkmy,2026-04-15,18:44:08,-07:00,2026-04-15T18:44:08-07:00,0,0
/Users/cj/Documents/GitHub/portfolio/style.css,74,css,9513d8d7,cjkmy,2026-04-15,18:44:08,-07:00,2026-04-15T18:44:08-07:00,0,0
/Users/cj/Documents/GitHub/portfolio/style.css,75,css,9513d8d7,cjkmy,2026-04-15,18:44:08,-07:00,2026-04-15T18:44:08-07:00,0,3
/Users/cj/Documents/GitHub/portfolio/style.css,76,css,9513d8d7,cjkmy,2026-04-15,18:44:08,-07:00,2026-04-15T18:44:08-07:00,1,39
/Users/cj/Documents/GitHub/portfolio/style.css,77,css,9513d8d7,cjkmy,2026-04-15,18:44:08,-07:00,2026-04-15T18:44:08-07:00,0,0
/Users/cj/Documents/GitHub/portfolio/style.css,78,css,9513d8d7,cjkmy,2026-04-15,18:44:08,-07:00,2026-04-15T18:44:08-07:00,0,0
/Users/cj/Documents/GitHub/portfolio/style.css,79,css,9513d8d7,cjkmy,2026-04-15,18:44:08,-07:00,2026-04-15T18:44:08-07:00,0,13
/Users/cj/Documents/GitHub/portfolio/style.css,80,css,9513d8d7,cjkmy,2026-04-15,18:44:08,-07:00,2026-04-15T18:44:08-07:00,1,17
/Users/cj/Documents/GitHub/portfolio/style.css,81,css,9513d8d7,cjkmy,2026-04-15,18:44:08,-07:00,2026-04-15T18:44:08-07:00,1,8
/Users/cj/Documents/GitHub/portfolio/style.css,82,css,9513d8d7,cjkmy,2026-04-15,18:44:08,-07:00,2026-04-15T18:44:08-07:00,1,10
/Users/cj/Documents/GitHub/portfolio/style.css,83,css,9513d8d7,cjkmy,2026-04-15,18:44:08,-07:00,2026-04-15T18:44:08-07:00,0,0
/Users/cj/Documents/GitHub/portfolio/style.css,84,css,9513d8d7,cjkmy,2026-04-15,18:44:08,-07:00,2026-04-15T18:44:08-07:00,1,13
/Users/cj/Documents/GitHub/portfolio/style.css,85,css,9513d8d7,cjkmy,2026-04-15,18:44:08,-07:00,2026-04-15T18:44:08-07:00,1,19
/Users/cj/Documents/GitHub/portfolio/style.css,86,css,9513d8d7,cjkmy,2026-04-15,18:44:08,-07:00,2026-04-15T18:44:08-07:00,0,0
/Users/cj/Documents/GitHub/portfolio/style.css,87,css,9513d8d7,cjkmy,2026-04-15,18:44:08,-07:00,2026-04-15T18:44:08-07:00,0,0
/Users/cj/Documents/GitHub/portfolio/style.css,88,css,9513d8d7,cjkmy,2026-04-15,18:44:08,-07:00,2026-04-15T18:44:08-07:00,0,4
/Users/cj/Documents/GitHub/portfolio/style.css,89,css,9513d8d7,cjkmy,2026-04-15,18:44:08,-07:00,2026-04-15T18:44:08-07:00,0,7
/Users/cj/Documents/GitHub/portfolio/style.css,90,css,9513d8d7,cjkmy,2026-04-15,18:44:08,-07:00,2026-04-15T18:44:08-07:00,0,5
/Users/cj/Documents/GitHub/portfolio/style.css,91,css,9513d8d7,cjkmy,2026-04-15,18:44:08,-07:00,2026-04-15T18:44:08-07:00,0,6
/Users/cj/Documents/GitHub/portfolio/style.css,92,css,9513d8d7,cjkmy,2026-04-15,18:44:08,-07:00,2026-04-15T18:44:08-07:00,1,19
/Users/cj/Documents/GitHub/portfolio/style.css,93,css,28fee4ad,cjkmy,2026-04-24,19:36:22,-07:00,2026-04-24T19:36:22-07:00,0,0
/Users/cj/Documents/GitHub/portfolio/style.css,94,css,28fee4ad,cjkmy,2026-04-24,19:36:22,-07:00,2026-04-24T19:36:22-07:00,0,0
/Users/cj/Documents/GitHub/portfolio/style.css,95,css,28fee4ad,cjkmy,2026-04-24,19:36:22,-07:00,2026-04-24T19:36:22-07:00,0,17
/Users/cj/Documents/GitHub/portfolio/style.css,96,css,28fee4ad,cjkmy,2026-04-24,19:36:22,-07:00,2026-04-24T19:36:22-07:00,1,12
/Users/cj/Documents/GitHub/portfolio/style.css,97,css,963ebf4c,cjkmy,2026-04-24,19:39:17,-07:00,2026-04-24T19:39:17-07:00,1,36
/Users/cj/Documents/GitHub/portfolio/style.css,98,css,28fee4ad,cjkmy,2026-04-24,19:36:22,-07:00,2026-04-24T19:36:22-07:00,1,10
/Users/cj/Documents/GitHub/portfolio/style.css,99,css,28fee4ad,cjkmy,2026-04-24,19:36:22,-07:00,2026-04-24T19:36:22-07:00,1,17
/Users/cj/Documents/GitHub/portfolio/style.css,100,css,28fee4ad,cjkmy,2026-04-24,19:36:22,-07:00,2026-04-24T19:36:22-07:00,0,0
/Users/cj/Documents/GitHub/portfolio/style.css,101,css,28fee4ad,cjkmy,2026-04-24,19:36:22,-07:00,2026-04-24T19:36:22-07:00,0,0
/Users/cj/Documents/GitHub/portfolio/style.css,102,css,28fee4ad,cjkmy,2026-04-24,19:36:22,-07:00,2026-04-24T19:36:22-07:00,0,17
/Users/cj/Documents/GitHub/portfolio/style.css,103,css,963ebf4c,cjkmy,2026-04-24,19:39:17,-07:00,2026-04-24T19:39:17-07:00,1,10
/Users/cj/Documents/GitHub/portfolio/style.css,104,css,28fee4ad,cjkmy,2026-04-24,19:36:22,-07:00,2026-04-24T19:36:22-07:00,1,16
/Users/cj/Documents/GitHub/portfolio/style.css,105,css,28fee4ad,cjkmy,2026-04-24,19:36:22,-07:00,2026-04-24T19:36:22-07:00,0,0
/Users/cj/Documents/GitHub/portfolio/style.css,106,css,28fee4ad,cjkmy,2026-04-24,19:36:22,-07:00,2026-04-24T19:36:22-07:00,0,0
/Users/cj/Documents/GitHub/portfolio/style.css,107,css,28fee4ad,cjkmy,2026-04-24,19:36:22,-07:00,2026-04-24T19:36:22-07:00,0,17
/Users/cj/Documents/GitHub/portfolio/style.css,108,css,963ebf4c,cjkmy,2026-04-24,19:39:17,-07:00,2026-04-24T19:39:17-07:00,1,10
/Users/cj/Documents/GitHub/portfolio/style.css,109,css,963ebf4c,cjkmy,2026-04-24,19:39:17,-07:00,2026-04-24T19:39:17-07:00,1,8
/Users/cj/Documents/GitHub/portfolio/style.css,110,css,28fee4ad,cjkmy,2026-04-24,19:36:22,-07:00,2026-04-24T19:36:22-07:00,0,0
/Users/cj/Documents/GitHub/portfolio/style.css,111,css,28fee4ad,cjkmy,2026-04-24,19:36:22,-07:00,2026-04-24T19:36:22-07:00,0,0
/Users/cj/Documents/GitHub/portfolio/style.css,112,css,28fee4ad,cjkmy,2026-04-24,19:36:22,-07:00,2026-04-24T19:36:22-07:00,0,13
/Users/cj/Documents/GitHub/portfolio/style.css,113,css,28fee4ad,cjkmy,2026-04-24,19:36:22,-07:00,2026-04-24T19:36:22-07:00,1,10
/Users/cj/Documents/GitHub/portfolio/style.css,114,css,28fee4ad,cjkmy,2026-04-24,19:36:22,-07:00,2026-04-24T19:36:22-07:00,1,15
/Users/cj/Documents/GitHub/portfolio/style.css,115,css,28fee4ad,cjkmy,2026-04-24,19:36:22,-07:00,2026-04-24T19:36:22-07:00,1,11
/Users/cj/Documents/GitHub/portfolio/style.css,116,css,dd1ca465,cjkmy,2026-04-30,20:33:54,-07:00,2026-04-30T20:33:54-07:00,0,0
/Users/cj/Documents/GitHub/portfolio/style.css,117,css,dd1ca465,cjkmy,2026-04-30,20:33:54,-07:00,2026-04-30T20:33:54-07:00,0,0
/Users/cj/Documents/GitHub/portfolio/style.css,118,css,dd1ca465,cjkmy,2026-04-30,20:33:54,-07:00,2026-04-30T20:33:54-07:00,0,13
/Users/cj/Documents/GitHub/portfolio/style.css,119,css,dd1ca465,cjkmy,2026-04-30,20:33:54,-07:00,2026-04-30T20:33:54-07:00,1,10
/Users/cj/Documents/GitHub/portfolio/style.css,120,css,dd1ca465,cjkmy,2026-04-30,20:33:54,-07:00,2026-04-30T20:33:54-07:00,1,16
/Users/cj/Documents/GitHub/portfolio/style.css,121,css,dd1ca465,cjkmy,2026-04-30,20:33:54,-07:00,2026-04-30T20:33:54-07:00,1,18
/Users/cj/Documents/GitHub/portfolio/style.css,122,css,dd1ca465,cjkmy,2026-04-30,20:33:54,-07:00,2026-04-30T20:33:54-07:00,0,0
/Users/cj/Documents/GitHub/portfolio/style.css,123,css,dd1ca465,cjkmy,2026-04-30,20:33:54,-07:00,2026-04-30T20:33:54-07:00,0,0
/Users/cj/Documents/GitHub/portfolio/style.css,124,css,dd1ca465,cjkmy,2026-04-30,20:33:54,-07:00,2026-04-30T20:33:54-07:00,0,0
/Users/cj/Documents/GitHub/portfolio/style.css,125,css,dd1ca465,cjkmy,2026-04-30,20:33:54,-07:00,2026-04-30T20:33:54-07:00,0,18
/Users/cj/Documents/GitHub/portfolio/style.css,126,css,dd1ca465,cjkmy,2026-04-30,20:33:54,-07:00,2026-04-30T20:33:54-07:00,1,14
/Users/cj/Documents/GitHub/portfolio/style.css,127,css,dd1ca465,cjkmy,2026-04-30,20:33:54,-07:00,2026-04-30T20:33:54-07:00,1,16
/Users/cj/Documents/GitHub/portfolio/style.css,128,css,dd1ca465,cjkmy,2026-04-30,20:33:54,-07:00,2026-04-30T20:33:54-07:00,1,16
/Users/cj/Documents/GitHub/portfolio/style.css,129,css,dd1ca465,cjkmy,2026-04-30,20:33:54,-07:00,2026-04-30T20:33:54-07:00,0,0
/Users/cj/Documents/GitHub/portfolio/style.css,130,css,dd1ca465,cjkmy,2026-04-30,20:33:54,-07:00,2026-04-30T20:33:54-07:00,0,0
/Users/cj/Documents/GitHub/portfolio/style.css,131,css,dd1ca465,cjkmy,2026-04-30,20:33:54,-07:00,2026-04-30T20:33:54-07:00,0,10
/Users/cj/Documents/GitHub/portfolio/style.css,132,css,dd1ca465,cjkmy,2026-04-30,20:33:54,-07:00,2026-04-30T20:33:54-07:00,1,12
/Users/cj/Documents/GitHub/portfolio/style.css,133,css,dd1ca465,cjkmy,2026-04-30,20:33:54,-07:00,2026-04-30T20:33:54-07:00,1,18
/Users/cj/Documents/GitHub/portfolio/style.css,134,css,dd1ca465,cjkmy,2026-04-30,20:33:54,-07:00,2026-04-30T20:33:54-07:00,1,7
/Users/cj/Documents/GitHub/portfolio/style.css,135,css,dd1ca465,cjkmy,2026-04-30,20:33:54,-07:00,2026-04-30T20:33:54-07:00,0,0
/Users/cj/Documents/GitHub/portfolio/style.css,136,css,dd1ca465,cjkmy,2026-04-30,20:33:54,-07:00,2026-04-30T20:33:54-07:00,0,0
/Users/cj/Documents/GitHub/portfolio/style.css,137,css,dd1ca465,cjkmy,2026-04-30,20:33:54,-07:00,2026-04-30T20:33:54-07:00,0,7
/Users/cj/Documents/GitHub/portfolio/style.css,138,css,dd1ca465,cjkmy,2026-04-30,20:33:54,-07:00,2026-04-30T20:33:54-07:00,1,12
/Users/cj/Documents/GitHub/portfolio/style.css,139,css,dd1ca465,cjkmy,2026-04-30,20:33:54,-07:00,2026-04-30T20:33:54-07:00,1,57
/Users/cj/Documents/GitHub/portfolio/style.css,140,css,dd1ca465,cjkmy,2026-04-30,20:33:54,-07:00,2026-04-30T20:33:54-07:00,1,7
/Users/cj/Documents/GitHub/portfolio/style.css,141,css,dd1ca465,cjkmy,2026-04-30,20:33:54,-07:00,2026-04-30T20:33:54-07:00,1,6
/Users/cj/Documents/GitHub/portfolio/style.css,142,css,dd1ca465,cjkmy,2026-04-30,20:33:54,-07:00,2026-04-30T20:33:54-07:00,1,21
/Users/cj/Documents/GitHub/portfolio/style.css,143,css,dd1ca465,cjkmy,2026-04-30,20:33:54,-07:00,2026-04-30T20:33:54-07:00,1,11
/Users/cj/Documents/GitHub/portfolio/style.css,144,css,dd1ca465,cjkmy,2026-04-30,20:33:54,-07:00,2026-04-30T20:33:54-07:00,1,8
/Users/cj/Documents/GitHub/portfolio/style.css,145,css,dd1ca465,cjkmy,2026-04-30,20:33:54,-07:00,2026-04-30T20:33:54-07:00,1,15
/Users/cj/Documents/GitHub/portfolio/style.css,146,css,dd1ca465,cjkmy,2026-04-30,20:33:54,-07:00,2026-04-30T20:33:54-07:00,1,17
/Users/cj/Documents/GitHub/portfolio/style.css,147,css,dd1ca465,cjkmy,2026-04-30,20:33:54,-07:00,2026-04-30T20:33:54-07:00,0,0
/Users/cj/Documents/GitHub/portfolio/style.css,148,css,dd1ca465,cjkmy,2026-04-30,20:33:54,-07:00,2026-04-30T20:33:54-07:00,0,0
/Users/cj/Documents/GitHub/portfolio/style.css,149,css,dd1ca465,cjkmy,2026-04-30,20:33:54,-07:00,2026-04-30T20:33:54-07:00,0,12
/Users/cj/Documents/GitHub/portfolio/style.css,150,css,dd1ca465,cjkmy,2026-04-30,20:33:54,-07:00,2026-04-30T20:33:54-07:00,1,12
/Users/cj/Documents/GitHub/portfolio/style.css,151,css,dd1ca465,cjkmy,2026-04-30,20:33:54,-07:00,2026-04-30T20:33:54-07:00,1,18
/Users/cj/Documents/GitHub/portfolio/style.css,152,css,dd1ca465,cjkmy,2026-04-30,20:33:54,-07:00,2026-04-30T20:33:54-07:00,1,9
/Users/cj/Documents/GitHub/portfolio/style.css,153,css,dd1ca465,cjkmy,2026-04-30,20:33:54,-07:00,2026-04-30T20:33:54-07:00,0,0
/Users/cj/Documents/GitHub/portfolio/style.css,154,css,dd1ca465,cjkmy,2026-04-30,20:33:54,-07:00,2026-04-30T20:33:54-07:00,0,0
/Users/cj/Documents/GitHub/portfolio/style.css,155,css,dd1ca465,cjkmy,2026-04-30,20:33:54,-07:00,2026-04-30T20:33:54-07:00,0,7
/Users/cj/Documents/GitHub/portfolio/style.css,156,css,dd1ca465,cjkmy,2026-04-30,20:33:54,-07:00,2026-04-30T20:33:54-07:00,1,9
/Users/cj/Documents/GitHub/portfolio/style.css,157,css,dd1ca465,cjkmy,2026-04-30,20:33:54,-07:00,2026-04-30T20:33:54-07:00,1,18
/Users/cj/Documents/GitHub/portfolio/style.css,158,css,dd1ca465,cjkmy,2026-04-30,20:33:54,-07:00,2026-04-30T20:33:54-07:00,1,29
/Users/cj/Documents/GitHub/portfolio/style.css,159,css,dd1ca465,cjkmy,2026-04-30,20:33:54,-07:00,2026-04-30T20:33:54-07:00,1,17
/Users/cj/Documents/GitHub/portfolio/style.css,160,css,dd1ca465,cjkmy,2026-04-30,20:33:54,-07:00,2026-04-30T20:33:54-07:00,1,20
/Users/cj/Documents/GitHub/portfolio/style.css,161,css,dd1ca465,cjkmy,2026-04-30,20:33:54,-07:00,2026-04-30T20:33:54-07:00,0,0
/Users/cj/Documents/GitHub/portfolio/style.css,162,css,dd1ca465,cjkmy,2026-04-30,20:33:54,-07:00,2026-04-30T20:33:54-07:00,0,0
/Users/cj/Documents/GitHub/portfolio/style.css,163,css,dd1ca465,cjkmy,2026-04-30,20:33:54,-07:00,2026-04-30T20:33:54-07:00,0,10
/Users/cj/Documents/GitHub/portfolio/style.css,164,css,dd1ca465,cjkmy,2026-04-30,20:33:54,-07:00,2026-04-30T20:33:54-07:00,1,37
/Users/cj/Documents/GitHub/portfolio/style.css,165,css,dd1ca465,cjkmy,2026-04-30,20:33:54,-07:00,2026-04-30T20:33:54-07:00,1,38
/Users/cj/Documents/GitHub/portfolio/style.css,166,css,dd1ca465,cjkmy,2026-04-30,20:33:54,-07:00,2026-04-30T20:33:54-07:00,1,41
/Users/cj/Documents/GitHub/portfolio/style.css,167,css,dd1ca465,cjkmy,2026-04-30,20:33:54,-07:00,2026-04-30T20:33:54-07:00,1,43
/Users/cj/Documents/GitHub/portfolio/style.css,168,css,dd1ca465,cjkmy,2026-04-30,20:33:54,-07:00,2026-04-30T20:33:54-07:00,0,0
/Users/cj/Documents/GitHub/portfolio/style.css,169,css,dd1ca465,cjkmy,2026-04-30,20:33:54,-07:00,2026-04-30T20:33:54-07:00,0,0
/Users/cj/Documents/GitHub/portfolio/style.css,170,css,dd1ca465,cjkmy,2026-04-30,20:33:54,-07:00,2026-04-30T20:33:54-07:00,0,23
/Users/cj/Documents/GitHub/portfolio/style.css,171,css,dd1ca465,cjkmy,2026-04-30,20:33:54,-07:00,2026-04-30T20:33:54-07:00,1,16
/Users/cj/Documents/GitHub/portfolio/style.css,172,css,dd1ca465,cjkmy,2026-04-30,20:33:54,-07:00,2026-04-30T20:33:54-07:00,1,14
/Users/cj/Documents/GitHub/portfolio/style.css,173,css,dd1ca465,cjkmy,2026-04-30,20:33:54,-07:00,2026-04-30T20:33:54-07:00,0,0
/Users/cj/Documents/GitHub/portfolio/style.css,174,css,dd1ca465,cjkmy,2026-04-30,20:33:54,-07:00,2026-04-30T20:33:54-07:00,0,0
/Users/cj/Documents/GitHub/portfolio/style.css,175,css,dd1ca465,cjkmy,2026-04-30,20:33:54,-07:00,2026-04-30T20:33:54-07:00,0,51
/Users/cj/Documents/GitHub/portfolio/style.css,176,css,dd1ca465,cjkmy,2026-04-30,20:33:54,-07:00,2026-04-30T20:33:54-07:00,1,11
/Users/cj/Documents/GitHub/portfolio/style.css,177,css,dd1ca465,cjkmy,2026-04-30,20:33:54,-07:00,2026-04-30T20:33:54-07:00,0,0
/Users/cj/Documents/GitHub/portfolio/style.css,178,css,dd1ca465,cjkmy,2026-04-30,20:33:54,-07:00,2026-04-30T20:33:54-07:00,0,0
/Users/cj/Documents/GitHub/portfolio/style.css,179,css,dd1ca465,cjkmy,2026-04-30,20:33:54,-07:00,2026-04-30T20:33:54-07:00,0,9
/Users/cj/Documents/GitHub/portfolio/style.css,180,css,dd1ca465,cjkmy,2026-04-30,20:33:54,-07:00,2026-04-30T20:33:54-07:00,1,35
/Users/cj/Documents/GitHub/portfolio/style.css,181,css,dd1ca465,cjkmy,2026-04-30,20:33:54,-07:00,2026-04-30T20:33:54-07:00,0,0
/Users/cj/Documents/GitHub/portfolio/style.css,182,css,dd1ca465,cjkmy,2026-04-30,20:33:54,-07:00,2026-04-30T20:33:54-07:00,0,0
/Users/cj/Documents/GitHub/portfolio/style.css,183,css,dd1ca465,cjkmy,2026-04-30,20:33:54,-07:00,2026-04-30T20:33:54-07:00,0,18
/Users/cj/Documents/GitHub/portfolio/style.css,184,css,dd1ca465,cjkmy,2026-04-30,20:33:54,-07:00,2026-04-30T20:33:54-07:00,1,17
/Users/cj/Documents/GitHub/portfolio/style.css,185,css,35d01191,cjkmy,2026-04-08,12:45:27,-07:00,2026-04-08T12:45:27-07:00,0,0
/Users/cj/Documents/GitHub/portfolio/index.js,1,js,28fee4ad,cjkmy,2026-04-24,19:36:22,-07:00,2026-04-24T19:36:22-07:00,0,0
/Users/cj/Documents/GitHub/portfolio/index.js,2,js,dd1ca465,cjkmy,2026-04-30,20:33:54,-07:00,2026-04-30T20:33:54-07:00,0,71
/Users/cj/Documents/GitHub/portfolio/index.js,3,js,28fee4ad,cjkmy,2026-04-24,19:36:22,-07:00,2026-04-24T19:36:22-07:00,0,0
/Users/cj/Documents/GitHub/portfolio/index.js,4,js,dd1ca465,cjkmy,2026-04-30,20:33:54,-07:00,2026-04-30T20:33:54-07:00,0,15
/Users/cj/Documents/GitHub/portfolio/index.js,5,js,dd1ca465,cjkmy,2026-04-30,20:33:54,-07:00,2026-04-30T20:33:54-07:00,1,68
/Users/cj/Documents/GitHub/portfolio/index.js,6,js,dd1ca465,cjkmy,2026-04-30,20:33:54,-07:00,2026-04-30T20:33:54-07:00,2,4
/Users/cj/Documents/GitHub/portfolio/index.js,7,js,dd1ca465,cjkmy,2026-04-30,20:33:54,-07:00,2026-04-30T20:33:54-07:00,2,14
/Users/cj/Documents/GitHub/portfolio/index.js,8,js,dd1ca465,cjkmy,2026-04-30,20:33:54,-07:00,2026-04-30T20:33:54-07:00,0,0
/Users/cj/Documents/GitHub/portfolio/index.js,9,js,dd1ca465,cjkmy,2026-04-30,20:33:54,-07:00,2026-04-30T20:33:54-07:00,0,64
/Users/cj/Documents/GitHub/portfolio/index.js,10,js,28fee4ad,cjkmy,2026-04-24,19:36:22,-07:00,2026-04-24T19:36:22-07:00,0,0
/Users/cj/Documents/GitHub/portfolio/index.js,11,js,dd1ca465,cjkmy,2026-04-30,20:33:54,-07:00,2026-04-30T20:33:54-07:00,0,38
/Users/cj/Documents/GitHub/portfolio/index.js,12,js,28fee4ad,cjkmy,2026-04-24,19:36:22,-07:00,2026-04-24T19:36:22-07:00,0,52
/Users/cj/Documents/GitHub/portfolio/index.js,13,js,28fee4ad,cjkmy,2026-04-24,19:36:22,-07:00,2026-04-24T19:36:22-07:00,0,0
/Users/cj/Documents/GitHub/portfolio/index.js,14,js,28fee4ad,cjkmy,2026-04-24,19:36:22,-07:00,2026-04-24T19:36:22-07:00,0,42
/Users/cj/Documents/GitHub/portfolio/index.js,15,js,28fee4ad,cjkmy,2026-04-24,19:36:22,-07:00,2026-04-24T19:36:22-07:00,0,0
/Users/cj/Documents/GitHub/portfolio/index.js,16,js,28fee4ad,cjkmy,2026-04-24,19:36:22,-07:00,2026-04-24T19:36:22-07:00,0,48
/Users/cj/Documents/GitHub/portfolio/index.js,17,js,28fee4ad,cjkmy,2026-04-24,19:36:22,-07:00,2026-04-24T19:36:22-07:00,0,0
/Users/cj/Documents/GitHub/portfolio/index.js,18,js,dd1ca465,cjkmy,2026-04-30,20:33:54,-07:00,2026-04-30T20:33:54-07:00,0,63
/Users/cj/Documents/GitHub/portfolio/index.js,19,js,28fee4ad,cjkmy,2026-04-24,19:36:22,-07:00,2026-04-24T19:36:22-07:00,0,0
/Users/cj/Documents/GitHub/portfolio/index.js,20,js,28fee4ad,cjkmy,2026-04-24,19:36:22,-07:00,2026-04-24T19:36:22-07:00,0,17
/Users/cj/Documents/GitHub/portfolio/index.js,21,js,28fee4ad,cjkmy,2026-04-24,19:36:22,-07:00,2026-04-24T19:36:22-07:00,1,24
/Users/cj/Documents/GitHub/portfolio/index.js,22,js,dd1ca465,cjkmy,2026-04-30,20:33:54,-07:00,2026-04-30T20:33:54-07:00,2,54
/Users/cj/Documents/GitHub/portfolio/index.js,23,js,dd1ca465,cjkmy,2026-04-30,20:33:54,-07:00,2026-04-30T20:33:54-07:00,2,54
/Users/cj/Documents/GitHub/portfolio/index.js,24,js,dd1ca465,cjkmy,2026-04-30,20:33:54,-07:00,2026-04-30T20:33:54-07:00,2,48
/Users/cj/Documents/GitHub/portfolio/index.js,25,js,dd1ca465,cjkmy,2026-04-30,20:33:54,-07:00,2026-04-30T20:33:54-07:00,2,48
/Users/cj/Documents/GitHub/portfolio/index.js,26,js,dd1ca465,cjkmy,2026-04-30,20:33:54,-07:00,2026-04-30T20:33:54-07:00,1,0
/Users/cj/Documents/GitHub/portfolio/index.js,27,js,28fee4ad,cjkmy,2026-04-24,19:36:22,-07:00,2026-04-24T19:36:22-07:00,0,0
/Users/cj/Documents/GitHub/portfolio/index.html,1,html,936addce,cjkmy,2026-03-30,22:29:14,-07:00,2026-03-30T22:29:14-07:00,0,13
/Users/cj/Documents/GitHub/portfolio/index.html,2,html,936addce,cjkmy,2026-03-30,22:29:14,-07:00,2026-03-30T22:29:14-07:00,0,14
/Users/cj/Documents/GitHub/portfolio/index.html,3,html,936addce,cjkmy,2026-03-30,22:29:14,-07:00,2026-03-30T22:29:14-07:00,0,4
/Users/cj/Documents/GitHub/portfolio/index.html,4,html,936addce,cjkmy,2026-03-30,22:29:14,-07:00,2026-03-30T22:29:14-07:00,2,20
/Users/cj/Documents/GitHub/portfolio/index.html,5,html,936addce,cjkmy,2026-03-30,22:29:14,-07:00,2026-03-30T22:29:14-07:00,2,68
/Users/cj/Documents/GitHub/portfolio/index.html,6,html,936addce,cjkmy,2026-03-30,22:29:14,-07:00,2026-03-30T22:29:14-07:00,2,60
/Users/cj/Documents/GitHub/portfolio/index.html,7,html,ddd292e2,cjkmy,2026-04-02,20:29:09,-07:00,2026-04-02T20:29:09-07:00,2,38
/Users/cj/Documents/GitHub/portfolio/index.html,8,html,28fee4ad,cjkmy,2026-04-24,19:36:22,-07:00,2026-04-24T19:36:22-07:00,2,45
/Users/cj/Documents/GitHub/portfolio/index.html,9,html,28fee4ad,cjkmy,2026-04-24,19:36:22,-07:00,2026-04-24T19:36:22-07:00,2,44
/Users/cj/Documents/GitHub/portfolio/index.html,10,html,936addce,cjkmy,2026-03-30,22:29:14,-07:00,2026-03-30T22:29:14-07:00,0,5
/Users/cj/Documents/GitHub/portfolio/index.html,11,html,936addce,cjkmy,2026-03-30,22:29:14,-07:00,2026-03-30T22:29:14-07:00,0,4
/Users/cj/Documents/GitHub/portfolio/index.html,12,html,936addce,cjkmy,2026-03-30,22:29:14,-07:00,2026-03-30T22:29:14-07:00,2,25
/Users/cj/Documents/GitHub/portfolio/index.html,13,html,936addce,cjkmy,2026-03-30,22:29:14,-07:00,2026-03-30T22:29:14-07:00,2,66
/Users/cj/Documents/GitHub/portfolio/index.html,14,html,936addce,cjkmy,2026-03-30,22:29:14,-07:00,2026-03-30T22:29:14-07:00,4,59
/Users/cj/Documents/GitHub/portfolio/index.html,15,html,936addce,cjkmy,2026-03-30,22:29:14,-07:00,2026-03-30T22:29:14-07:00,4,61
/Users/cj/Documents/GitHub/portfolio/index.html,16,html,936addce,cjkmy,2026-03-30,22:29:14,-07:00,2026-03-30T22:29:14-07:00,2,2
/Users/cj/Documents/GitHub/portfolio/index.html,17,html,0c570583,cjkmy,2026-04-03,18:18:27,-07:00,2026-04-03T18:18:27-07:00,2,67
/Users/cj/Documents/GitHub/portfolio/index.html,18,html,0c570583,cjkmy,2026-04-03,18:18:27,-07:00,2026-04-03T18:18:27-07:00,2,57
/Users/cj/Documents/GitHub/portfolio/index.html,19,html,0c570583,cjkmy,2026-04-03,18:18:27,-07:00,2026-04-03T18:18:27-07:00,0,0
/Users/cj/Documents/GitHub/portfolio/index.html,20,html,28fee4ad,cjkmy,2026-04-24,19:36:22,-07:00,2026-04-24T19:36:22-07:00,2,23
/Users/cj/Documents/GitHub/portfolio/index.html,21,html,28fee4ad,cjkmy,2026-04-24,19:36:22,-07:00,2026-04-24T19:36:22-07:00,2,26
/Users/cj/Documents/GitHub/portfolio/index.html,22,html,28fee4ad,cjkmy,2026-04-24,19:36:22,-07:00,2026-04-24T19:36:22-07:00,0,0
/Users/cj/Documents/GitHub/portfolio/index.html,23,html,28fee4ad,cjkmy,2026-04-24,19:36:22,-07:00,2026-04-24T19:36:22-07:00,2,20
/Users/cj/Documents/GitHub/portfolio/index.html,24,html,28fee4ad,cjkmy,2026-04-24,19:36:22,-07:00,2026-04-24T19:36:22-07:00,2,22
/Users/cj/Documents/GitHub/portfolio/index.html,25,html,28fee4ad,cjkmy,2026-04-24,19:36:22,-07:00,2026-04-24T19:36:22-07:00,2,7
/Users/cj/Documents/GitHub/portfolio/index.html,26,html,28fee4ad,cjkmy,2026-04-24,19:36:22,-07:00,2026-04-24T19:36:22-07:00,0,4
/Users/cj/Documents/GitHub/portfolio/index.html,27,html,dd1ca465,cjkmy,2026-04-30,20:33:54,-07:00,2026-04-30T20:33:54-07:00,0,0
/Users/cj/Documents/GitHub/portfolio/index.html,28,html,936addce,cjkmy,2026-03-30,22:29:14,-07:00,2026-03-30T22:29:14-07:00,0,5
/Users/cj/Documents/GitHub/portfolio/index.html,29,html,936addce,cjkmy,2026-03-30,22:29:14,-07:00,2026-03-30T22:29:14-07:00,0,5
/Users/cj/Documents/GitHub/portfolio/global.js,1,js,1c2238bf,cjkmy,2026-04-15,01:37:07,-07:00,2026-04-15T01:37:07-07:00,0,25
/Users/cj/Documents/GitHub/portfolio/global.js,2,js,1c2238bf,cjkmy,2026-04-15,01:37:07,-07:00,2026-04-15T01:37:07-07:00,0,0
/Users/cj/Documents/GitHub/portfolio/global.js,3,js,1c2238bf,cjkmy,2026-04-15,01:37:07,-07:00,2026-04-15T01:37:07-07:00,0,41
/Users/cj/Documents/GitHub/portfolio/global.js,4,js,1c2238bf,cjkmy,2026-04-15,01:37:07,-07:00,2026-04-15T01:37:07-07:00,1,52
/Users/cj/Documents/GitHub/portfolio/global.js,5,js,1c2238bf,cjkmy,2026-04-15,01:37:07,-07:00,2026-04-15T01:37:07-07:00,0,0
/Users/cj/Documents/GitHub/portfolio/global.js,6,js,1c2238bf,cjkmy,2026-04-15,01:37:07,-07:00,2026-04-15T01:37:07-07:00,0,0
/Users/cj/Documents/GitHub/portfolio/global.js,7,js,9513d8d7,cjkmy,2026-04-15,18:44:08,-07:00,2026-04-15T18:44:08-07:00,0,31
/Users/cj/Documents/GitHub/portfolio/global.js,8,js,9513d8d7,cjkmy,2026-04-15,18:44:08,-07:00,2026-04-15T18:44:08-07:00,1,11
/Users/cj/Documents/GitHub/portfolio/global.js,9,js,9513d8d7,cjkmy,2026-04-15,18:44:08,-07:00,2026-04-15T18:44:08-07:00,1,0
/Users/cj/Documents/GitHub/portfolio/global.js,10,js,9513d8d7,cjkmy,2026-04-15,18:44:08,-07:00,2026-04-15T18:44:08-07:00,1,26
/Users/cj/Documents/GitHub/portfolio/global.js,11,js,9513d8d7,cjkmy,2026-04-15,18:44:08,-07:00,2026-04-15T18:44:08-07:00,2,4
/Users/cj/Documents/GitHub/portfolio/global.js,12,js,9513d8d7,cjkmy,2026-04-15,18:44:08,-07:00,2026-04-15T18:44:08-07:00,2,6
/Users/cj/Documents/GitHub/portfolio/global.js,13,js,9513d8d7,cjkmy,2026-04-15,18:44:08,-07:00,2026-04-15T18:44:08-07:00,3,43
/Users/cj/Documents/GitHub/portfolio/global.js,14,js,9513d8d7,cjkmy,2026-04-15,18:44:08,-07:00,2026-04-15T18:44:08-07:00,3,34
/Users/cj/Documents/GitHub/portfolio/global.js,15,js,9513d8d7,cjkmy,2026-04-15,18:44:08,-07:00,2026-04-15T18:44:08-07:00,3,32
/Users/cj/Documents/GitHub/portfolio/global.js,16,js,9513d8d7,cjkmy,2026-04-15,18:44:08,-07:00,2026-04-15T18:44:08-07:00,2,7
/Users/cj/Documents/GitHub/portfolio/global.js,17,js,9513d8d7,cjkmy,2026-04-15,18:44:08,-07:00,2026-04-15T18:44:08-07:00,1,6
/Users/cj/Documents/GitHub/portfolio/global.js,18,js,9513d8d7,cjkmy,2026-04-15,18:44:08,-07:00,2026-04-15T18:44:08-07:00,1,0
/Users/cj/Documents/GitHub/portfolio/global.js,19,js,9513d8d7,cjkmy,2026-04-15,18:44:08,-07:00,2026-04-15T18:44:08-07:00,0,0
/Users/cj/Documents/GitHub/portfolio/global.js,20,js,9513d8d7,cjkmy,2026-04-15,18:44:08,-07:00,2026-04-15T18:44:08-07:00,0,29
/Users/cj/Documents/GitHub/portfolio/global.js,21,js,1c2238bf,cjkmy,2026-04-15,01:37:07,-07:00,2026-04-15T01:37:07-07:00,0,0
/Users/cj/Documents/GitHub/portfolio/global.js,22,js,1c2238bf,cjkmy,2026-04-15,01:37:07,-07:00,2026-04-15T01:37:07-07:00,0,32
/Users/cj/Documents/GitHub/portfolio/global.js,23,js,1c2238bf,cjkmy,2026-04-15,01:37:07,-07:00,2026-04-15T01:37:07-07:00,1,68
/Users/cj/Documents/GitHub/portfolio/global.js,24,js,1c2238bf,cjkmy,2026-04-15,01:37:07,-07:00,2026-04-15T01:37:07-07:00,0,2
/Users/cj/Documents/GitHub/portfolio/global.js,25,js,1c2238bf,cjkmy,2026-04-15,01:37:07,-07:00,2026-04-15T01:37:07-07:00,0,0
/Users/cj/Documents/GitHub/portfolio/global.js,26,js,1c2238bf,cjkmy,2026-04-15,01:37:07,-07:00,2026-04-15T01:37:07-07:00,0,38
/Users/cj/Documents/GitHub/portfolio/global.js,27,js,1c2238bf,cjkmy,2026-04-15,01:37:07,-07:00,2026-04-15T01:37:07-07:00,0,0
/Users/cj/Documents/GitHub/portfolio/global.js,28,js,1c2238bf,cjkmy,2026-04-15,01:37:07,-07:00,2026-04-15T01:37:07-07:00,0,11
/Users/cj/Documents/GitHub/portfolio/global.js,29,js,1c2238bf,cjkmy,2026-04-15,01:37:07,-07:00,2026-04-15T01:37:07-07:00,2,25
/Users/cj/Documents/GitHub/portfolio/global.js,30,js,1c2238bf,cjkmy,2026-04-15,01:37:07,-07:00,2026-04-15T01:37:07-07:00,2,38
/Users/cj/Documents/GitHub/portfolio/global.js,31,js,16db4278,cjkmy,2026-04-15,01:40:11,-07:00,2026-04-15T01:40:11-07:00,2,34
/Users/cj/Documents/GitHub/portfolio/global.js,32,js,c3fdef8d,cjkmy,2026-04-15,01:42:16,-07:00,2026-04-15T01:42:16-07:00,2,36
/Users/cj/Documents/GitHub/portfolio/global.js,33,js,1c2238bf,cjkmy,2026-04-15,01:37:07,-07:00,2026-04-15T01:37:07-07:00,0,0
/Users/cj/Documents/GitHub/portfolio/global.js,34,js,1c2238bf,cjkmy,2026-04-15,01:37:07,-07:00,2026-04-15T01:37:07-07:00,0,0
/Users/cj/Documents/GitHub/portfolio/global.js,35,js,9513d8d7,cjkmy,2026-04-15,18:44:08,-07:00,2026-04-15T18:44:08-07:00,0,88
/Users/cj/Documents/GitHub/portfolio/global.js,36,js,9513d8d7,cjkmy,2026-04-15,18:44:08,-07:00,2026-04-15T18:44:08-07:00,2,36
/Users/cj/Documents/GitHub/portfolio/global.js,37,js,9513d8d7,cjkmy,2026-04-15,18:44:08,-07:00,2026-04-15T18:44:08-07:00,2,14
/Users/cj/Documents/GitHub/portfolio/global.js,38,js,9513d8d7,cjkmy,2026-04-15,18:44:08,-07:00,2026-04-15T18:44:08-07:00,0,0
/Users/cj/Documents/GitHub/portfolio/global.js,39,js,1c2238bf,cjkmy,2026-04-15,01:37:07,-07:00,2026-04-15T01:37:07-07:00,0,38
/Users/cj/Documents/GitHub/portfolio/global.js,40,js,1c2238bf,cjkmy,2026-04-15,01:37:07,-07:00,2026-04-15T01:37:07-07:00,0,25
/Users/cj/Documents/GitHub/portfolio/global.js,41,js,1c2238bf,cjkmy,2026-04-15,01:37:07,-07:00,2026-04-15T01:37:07-07:00,0,0
/Users/cj/Documents/GitHub/portfolio/global.js,42,js,1c2238bf,cjkmy,2026-04-15,01:37:07,-07:00,2026-04-15T01:37:07-07:00,0,20
/Users/cj/Documents/GitHub/portfolio/global.js,43,js,1c2238bf,cjkmy,2026-04-15,01:37:07,-07:00,2026-04-15T01:37:07-07:00,2,14
/Users/cj/Documents/GitHub/portfolio/global.js,44,js,1c2238bf,cjkmy,2026-04-15,01:37:07,-07:00,2026-04-15T01:37:07-07:00,2,18
/Users/cj/Documents/GitHub/portfolio/global.js,45,js,9513d8d7,cjkmy,2026-04-15,18:44:08,-07:00,2026-04-15T18:44:08-07:00,2,52
/Users/cj/Documents/GitHub/portfolio/global.js,46,js,9513d8d7,cjkmy,2026-04-15,18:44:08,-07:00,2026-04-15T18:44:08-07:00,0,0
/Users/cj/Documents/GitHub/portfolio/global.js,47,js,9513d8d7,cjkmy,2026-04-15,18:44:08,-07:00,2026-04-15T18:44:08-07:00,2,34
/Users/cj/Documents/GitHub/portfolio/global.js,48,js,9513d8d7,cjkmy,2026-04-15,18:44:08,-07:00,2026-04-15T18:44:08-07:00,2,11
/Users/cj/Documents/GitHub/portfolio/global.js,49,js,9513d8d7,cjkmy,2026-04-15,18:44:08,-07:00,2026-04-15T18:44:08-07:00,2,20
/Users/cj/Documents/GitHub/portfolio/global.js,50,js,9513d8d7,cjkmy,2026-04-15,18:44:08,-07:00,2026-04-15T18:44:08-07:00,0,0
/Users/cj/Documents/GitHub/portfolio/global.js,51,js,9513d8d7,cjkmy,2026-04-15,18:44:08,-07:00,2026-04-15T18:44:08-07:00,2,17
/Users/cj/Documents/GitHub/portfolio/global.js,52,js,9513d8d7,cjkmy,2026-04-15,18:44:08,-07:00,2026-04-15T18:44:08-07:00,4,8
/Users/cj/Documents/GitHub/portfolio/global.js,53,js,9513d8d7,cjkmy,2026-04-15,18:44:08,-07:00,2026-04-15T18:44:08-07:00,2,59
/Users/cj/Documents/GitHub/portfolio/global.js,54,js,9513d8d7,cjkmy,2026-04-15,18:44:08,-07:00,2026-04-15T18:44:08-07:00,2,0
/Users/cj/Documents/GitHub/portfolio/global.js,55,js,9513d8d7,cjkmy,2026-04-15,18:44:08,-07:00,2026-04-15T18:44:08-07:00,0,0
/Users/cj/Documents/GitHub/portfolio/global.js,56,js,9513d8d7,cjkmy,2026-04-15,18:44:08,-07:00,2026-04-15T18:44:08-07:00,2,12
/Users/cj/Documents/GitHub/portfolio/global.js,57,js,9513d8d7,cjkmy,2026-04-15,18:44:08,-07:00,2026-04-15T18:44:08-07:00,0,0
/Users/cj/Documents/GitHub/portfolio/global.js,58,js,9513d8d7,cjkmy,2026-04-15,18:44:08,-07:00,2026-04-15T18:44:08-07:00,0,0
/Users/cj/Documents/GitHub/portfolio/global.js,59,js,9513d8d7,cjkmy,2026-04-15,18:44:08,-07:00,2026-04-15T18:44:08-07:00,0,60
/Users/cj/Documents/GitHub/portfolio/global.js,60,js,9513d8d7,cjkmy,2026-04-15,18:44:08,-07:00,2026-04-15T18:44:08-07:00,0,0
/Users/cj/Documents/GitHub/portfolio/global.js,61,js,9513d8d7,cjkmy,2026-04-15,18:44:08,-07:00,2026-04-15T18:44:08-07:00,0,37
/Users/cj/Documents/GitHub/portfolio/global.js,62,js,9513d8d7,cjkmy,2026-04-15,18:44:08,-07:00,2026-04-15T18:44:08-07:00,0,0
/Users/cj/Documents/GitHub/portfolio/global.js,63,js,9513d8d7,cjkmy,2026-04-15,18:44:08,-07:00,2026-04-15T18:44:08-07:00,0,10
/Users/cj/Documents/GitHub/portfolio/global.js,64,js,9513d8d7,cjkmy,2026-04-15,18:44:08,-07:00,2026-04-15T18:44:08-07:00,2,49
/Users/cj/Documents/GitHub/portfolio/global.js,65,js,9513d8d7,cjkmy,2026-04-15,18:44:08,-07:00,2026-04-15T18:44:08-07:00,2,19
/Users/cj/Documents/GitHub/portfolio/global.js,66,js,9513d8d7,cjkmy,2026-04-15,18:44:08,-07:00,2026-04-15T18:44:08-07:00,0,0
/Users/cj/Documents/GitHub/portfolio/global.js,67,js,9513d8d7,cjkmy,2026-04-15,18:44:08,-07:00,2026-04-15T18:44:08-07:00,0,0
/Users/cj/Documents/GitHub/portfolio/global.js,68,js,9513d8d7,cjkmy,2026-04-15,18:44:08,-07:00,2026-04-15T18:44:08-07:00,0,49
/Users/cj/Documents/GitHub/portfolio/global.js,69,js,9513d8d7,cjkmy,2026-04-15,18:44:08,-07:00,2026-04-15T18:44:08-07:00,2,31
/Users/cj/Documents/GitHub/portfolio/global.js,70,js,9513d8d7,cjkmy,2026-04-15,18:44:08,-07:00,2026-04-15T18:44:08-07:00,2,44
/Users/cj/Documents/GitHub/portfolio/global.js,71,js,9513d8d7,cjkmy,2026-04-15,18:44:08,-07:00,2026-04-15T18:44:08-07:00,2,49
/Users/cj/Documents/GitHub/portfolio/global.js,72,js,9513d8d7,cjkmy,2026-04-15,18:44:08,-07:00,2026-04-15T18:44:08-07:00,2,31
/Users/cj/Documents/GitHub/portfolio/global.js,73,js,9513d8d7,cjkmy,2026-04-15,18:44:08,-07:00,2026-04-15T18:44:08-07:00,0,1
/Users/cj/Documents/GitHub/portfolio/global.js,74,js,9513d8d7,cjkmy,2026-04-15,18:44:08,-07:00,2026-04-15T18:44:08-07:00,0,0
/Users/cj/Documents/GitHub/portfolio/global.js,75,js,9513d8d7,cjkmy,2026-04-15,18:44:08,-07:00,2026-04-15T18:44:08-07:00,0,42
/Users/cj/Documents/GitHub/portfolio/global.js,76,js,9513d8d7,cjkmy,2026-04-15,18:44:08,-07:00,2026-04-15T18:44:08-07:00,0,0
/Users/cj/Documents/GitHub/portfolio/global.js,77,js,9513d8d7,cjkmy,2026-04-15,18:44:08,-07:00,2026-04-15T18:44:08-07:00,0,49
/Users/cj/Documents/GitHub/portfolio/global.js,78,js,9513d8d7,cjkmy,2026-04-15,18:44:08,-07:00,2026-04-15T18:44:08-07:00,2,21
/Users/cj/Documents/GitHub/portfolio/global.js,79,js,9513d8d7,cjkmy,2026-04-15,18:44:08,-07:00,2026-04-15T18:44:08-07:00,0,0
/Users/cj/Documents/GitHub/portfolio/global.js,80,js,9513d8d7,cjkmy,2026-04-15,18:44:08,-07:00,2026-04-15T18:44:08-07:00,2,30
/Users/cj/Documents/GitHub/portfolio/global.js,81,js,9513d8d7,cjkmy,2026-04-15,18:44:08,-07:00,2026-04-15T18:44:08-07:00,2,14
/Users/cj/Documents/GitHub/portfolio/global.js,82,js,9513d8d7,cjkmy,2026-04-15,18:44:08,-07:00,2026-04-15T18:44:08-07:00,0,0
/Users/cj/Documents/GitHub/portfolio/global.js,83,js,9513d8d7,cjkmy,2026-04-15,18:44:08,-07:00,2026-04-15T18:44:08-07:00,2,31
/Users/cj/Documents/GitHub/portfolio/global.js,84,js,9513d8d7,cjkmy,2026-04-15,18:44:08,-07:00,2026-04-15T18:44:08-07:00,4,10
/Users/cj/Documents/GitHub/portfolio/global.js,85,js,9513d8d7,cjkmy,2026-04-15,18:44:08,-07:00,2026-04-15T18:44:08-07:00,6,56
/Users/cj/Documents/GitHub/portfolio/global.js,86,js,9513d8d7,cjkmy,2026-04-15,18:44:08,-07:00,2026-04-15T18:44:08-07:00,4,0
/Users/cj/Documents/GitHub/portfolio/global.js,87,js,9513d8d7,cjkmy,2026-04-15,18:44:08,-07:00,2026-04-15T18:44:08-07:00,2,0
/Users/cj/Documents/GitHub/portfolio/global.js,88,js,9513d8d7,cjkmy,2026-04-15,18:44:08,-07:00,2026-04-15T18:44:08-07:00,0,0
/Users/cj/Documents/GitHub/portfolio/global.js,89,js,9513d8d7,cjkmy,2026-04-15,18:44:08,-07:00,2026-04-15T18:44:08-07:00,2,47
/Users/cj/Documents/GitHub/portfolio/global.js,90,js,9513d8d7,cjkmy,2026-04-15,18:44:08,-07:00,2026-04-15T18:44:08-07:00,0,0
/Users/cj/Documents/GitHub/portfolio/global.js,91,js,9513d8d7,cjkmy,2026-04-15,18:44:08,-07:00,2026-04-15T18:44:08-07:00,2,18
/Users/cj/Documents/GitHub/portfolio/global.js,92,js,9513d8d7,cjkmy,2026-04-15,18:44:08,-07:00,2026-04-15T18:44:08-07:00,0,1
/Users/cj/Documents/GitHub/portfolio/global.js,93,js,ed38fba4,cjkmy,2026-04-23,23:33:20,-07:00,2026-04-23T23:33:20-07:00,0,0
/Users/cj/Documents/GitHub/portfolio/global.js,94,js,0788c07f,cjkmy,2026-04-23,23:36:06,-07:00,2026-04-23T23:36:06-07:00,0,0
/Users/cj/Documents/GitHub/portfolio/global.js,95,js,ed38fba4,cjkmy,2026-04-23,23:33:20,-07:00,2026-04-23T23:33:20-07:00,0,36
/Users/cj/Documents/GitHub/portfolio/global.js,96,js,ed38fba4,cjkmy,2026-04-23,23:33:20,-07:00,2026-04-23T23:33:20-07:00,1,3
/Users/cj/Documents/GitHub/portfolio/global.js,97,js,ed38fba4,cjkmy,2026-04-23,23:33:20,-07:00,2026-04-23T23:33:20-07:00,2,39
/Users/cj/Documents/GitHub/portfolio/global.js,98,js,ed38fba4,cjkmy,2026-04-23,23:33:20,-07:00,2026-04-23T23:33:20-07:00,2,32
/Users/cj/Documents/GitHub/portfolio/global.js,99,js,ed38fba4,cjkmy,2026-04-23,23:33:20,-07:00,2026-04-23T23:33:20-07:00,0,0
/Users/cj/Documents/GitHub/portfolio/global.js,100,js,ed38fba4,cjkmy,2026-04-23,23:33:20,-07:00,2026-04-23T23:33:20-07:00,2,17
/Users/cj/Documents/GitHub/portfolio/global.js,101,js,ed38fba4,cjkmy,2026-04-23,23:33:20,-07:00,2026-04-23T23:33:20-07:00,4,51
/Users/cj/Documents/GitHub/portfolio/global.js,102,js,ed38fba4,cjkmy,2026-04-23,23:33:20,-07:00,2026-04-23T23:33:20-07:00,2,0
/Users/cj/Documents/GitHub/portfolio/global.js,103,js,ed38fba4,cjkmy,2026-04-23,23:33:20,-07:00,2026-04-23T23:33:20-07:00,2,33
/Users/cj/Documents/GitHub/portfolio/global.js,104,js,ed38fba4,cjkmy,2026-04-23,23:33:20,-07:00,2026-04-23T23:33:20-07:00,2,10
/Users/cj/Documents/GitHub/portfolio/global.js,105,js,ed38fba4,cjkmy,2026-04-23,23:33:20,-07:00,2026-04-23T23:33:20-07:00,0,0
/Users/cj/Documents/GitHub/portfolio/global.js,106,js,ed38fba4,cjkmy,2026-04-23,23:33:20,-07:00,2026-04-23T23:33:20-07:00,1,15
/Users/cj/Documents/GitHub/portfolio/global.js,107,js,ed38fba4,cjkmy,2026-04-23,23:33:20,-07:00,2026-04-23T23:33:20-07:00,2,59
/Users/cj/Documents/GitHub/portfolio/global.js,108,js,ed38fba4,cjkmy,2026-04-23,23:33:20,-07:00,2026-04-23T23:33:20-07:00,1,0
/Users/cj/Documents/GitHub/portfolio/global.js,109,js,ed38fba4,cjkmy,2026-04-23,23:33:20,-07:00,2026-04-23T23:33:20-07:00,0,0
/Users/cj/Documents/GitHub/portfolio/global.js,110,js,9eaf59c3,cjkmy,2026-04-23,23:35:24,-07:00,2026-04-23T23:35:24-07:00,0,0
/Users/cj/Documents/GitHub/portfolio/global.js,111,js,aac7afa4,cjkmy,2026-04-24,00:51:12,-07:00,2026-04-24T00:51:12-07:00,0,27
/Users/cj/Documents/GitHub/portfolio/global.js,112,js,aac7afa4,cjkmy,2026-04-24,00:51:12,-07:00,2026-04-24T00:51:12-07:00,0,0
/Users/cj/Documents/GitHub/portfolio/global.js,113,js,aac7afa4,cjkmy,2026-04-24,00:51:12,-07:00,2026-04-24T00:51:12-07:00,0,79
/Users/cj/Documents/GitHub/portfolio/global.js,114,js,aac7afa4,cjkmy,2026-04-24,00:51:12,-07:00,2026-04-24T00:51:12-07:00,1,22
/Users/cj/Documents/GitHub/portfolio/global.js,115,js,aac7afa4,cjkmy,2026-04-24,00:51:12,-07:00,2026-04-24T00:51:12-07:00,2,43
/Users/cj/Documents/GitHub/portfolio/global.js,116,js,aac7afa4,cjkmy,2026-04-24,00:51:12,-07:00,2026-04-24T00:51:12-07:00,2,5
/Users/cj/Documents/GitHub/portfolio/global.js,117,js,aac7afa4,cjkmy,2026-04-24,00:51:12,-07:00,2026-04-24T00:51:12-07:00,1,0
/Users/cj/Documents/GitHub/portfolio/global.js,118,js,aac7afa4,cjkmy,2026-04-24,00:51:12,-07:00,2026-04-24T00:51:12-07:00,0,0
/Users/cj/Documents/GitHub/portfolio/global.js,119,js,aac7afa4,cjkmy,2026-04-24,00:51:12,-07:00,2026-04-24T00:51:12-07:00,1,57
/Users/cj/Documents/GitHub/portfolio/global.js,120,js,aac7afa4,cjkmy,2026-04-24,00:51:12,-07:00,2026-04-24T00:51:12-07:00,0,0
/Users/cj/Documents/GitHub/portfolio/global.js,121,js,aac7afa4,cjkmy,2026-04-24,00:51:12,-07:00,2026-04-24T00:51:12-07:00,1,42
/Users/cj/Documents/GitHub/portfolio/global.js,122,js,aac7afa4,cjkmy,2026-04-24,00:51:12,-07:00,2026-04-24T00:51:12-07:00,2,62
/Users/cj/Documents/GitHub/portfolio/global.js,123,js,aac7afa4,cjkmy,2026-04-24,00:51:12,-07:00,2026-04-24T00:51:12-07:00,2,18
/Users/cj/Documents/GitHub/portfolio/global.js,124,js,aac7afa4,cjkmy,2026-04-24,00:51:12,-07:00,2026-04-24T00:51:12-07:00,1,0
/Users/cj/Documents/GitHub/portfolio/global.js,125,js,aac7afa4,cjkmy,2026-04-24,00:51:12,-07:00,2026-04-24T00:51:12-07:00,0,0
/Users/cj/Documents/GitHub/portfolio/global.js,126,js,aac7afa4,cjkmy,2026-04-24,00:51:12,-07:00,2026-04-24T00:51:12-07:00,1,30
/Users/cj/Documents/GitHub/portfolio/global.js,127,js,aac7afa4,cjkmy,2026-04-24,00:51:12,-07:00,2026-04-24T00:51:12-07:00,1,29
/Users/cj/Documents/GitHub/portfolio/global.js,128,js,aac7afa4,cjkmy,2026-04-24,00:51:12,-07:00,2026-04-24T00:51:12-07:00,2,48
/Users/cj/Documents/GitHub/portfolio/global.js,129,js,aac7afa4,cjkmy,2026-04-24,00:51:12,-07:00,2026-04-24T00:51:12-07:00,0,0
/Users/cj/Documents/GitHub/portfolio/global.js,130,js,aac7afa4,cjkmy,2026-04-24,00:51:12,-07:00,2026-04-24T00:51:12-07:00,2,19
/Users/cj/Documents/GitHub/portfolio/global.js,131,js,dd1ca465,cjkmy,2026-04-30,20:33:54,-07:00,2026-04-30T20:33:54-07:00,1,49
/Users/cj/Documents/GitHub/portfolio/global.js,132,js,dd1ca465,cjkmy,2026-04-30,20:33:54,-07:00,2026-04-30T20:33:54-07:00,1,49
/Users/cj/Documents/GitHub/portfolio/global.js,133,js,dd1ca465,cjkmy,2026-04-30,20:33:54,-07:00,2026-04-30T20:33:54-07:00,1,3
/Users/cj/Documents/GitHub/portfolio/global.js,134,js,dd1ca465,cjkmy,2026-04-30,20:33:54,-07:00,2026-04-30T20:33:54-07:00,2,27
/Users/cj/Documents/GitHub/portfolio/global.js,135,js,dd1ca465,cjkmy,2026-04-30,20:33:54,-07:00,2026-04-30T20:33:54-07:00,2,41
/Users/cj/Documents/GitHub/portfolio/global.js,136,js,dd1ca465,cjkmy,2026-04-30,20:33:54,-07:00,2026-04-30T20:33:54-07:00,1,4
/Users/cj/Documents/GitHub/portfolio/global.js,137,js,dd1ca465,cjkmy,2026-04-30,20:33:54,-07:00,2026-04-30T20:33:54-07:00,0,0
/Users/cj/Documents/GitHub/portfolio/global.js,138,js,aac7afa4,cjkmy,2026-04-24,00:51:12,-07:00,2026-04-24T00:51:12-07:00,0,0
/Users/cj/Documents/GitHub/portfolio/global.js,139,js,aac7afa4,cjkmy,2026-04-24,00:51:12,-07:00,2026-04-24T00:51:12-07:00,2,36
/Users/cj/Documents/GitHub/portfolio/global.js,140,js,aac7afa4,cjkmy,2026-04-24,00:51:12,-07:00,2026-04-24T00:51:12-07:00,1,1
/Users/cj/Documents/GitHub/portfolio/global.js,141,js,28fee4ad,cjkmy,2026-04-24,19:36:22,-07:00,2026-04-24T19:36:22-07:00,0,0
/Users/cj/Documents/GitHub/portfolio/global.js,142,js,28fee4ad,cjkmy,2026-04-24,19:36:22,-07:00,2026-04-24T19:36:22-07:00,0,0
/Users/cj/Documents/GitHub/portfolio/global.js,143,js,28fee4ad,cjkmy,2026-04-24,19:36:22,-07:00,2026-04-24T19:36:22-07:00,0,47
/Users/cj/Documents/GitHub/portfolio/global.js,144,js,28fee4ad,cjkmy,2026-04-24,19:36:22,-07:00,2026-04-24T19:36:22-07:00,2,59
/Users/cj/Documents/GitHub/portfolio/global.js,145,js,aac7afa4,cjkmy,2026-04-24,00:51:12,-07:00,2026-04-24T00:51:12-07:00,0,0
/Users/cj/Documents/GitHub/portfolio/resume/index.html,1,html,caafc183,cjkmy,2026-04-02,18:56:53,-07:00,2026-04-02T18:56:53-07:00,0,13
/Users/cj/Documents/GitHub/portfolio/resume/index.html,2,html,caafc183,cjkmy,2026-04-02,18:56:53,-07:00,2026-04-02T18:56:53-07:00,0,14
/Users/cj/Documents/GitHub/portfolio/resume/index.html,3,html,caafc183,cjkmy,2026-04-02,18:56:53,-07:00,2026-04-02T18:56:53-07:00,0,4
/Users/cj/Documents/GitHub/portfolio/resume/index.html,4,html,caafc183,cjkmy,2026-04-02,18:56:53,-07:00,2026-04-02T18:56:53-07:00,2,20
/Users/cj/Documents/GitHub/portfolio/resume/index.html,5,html,caafc183,cjkmy,2026-04-02,18:56:53,-07:00,2026-04-02T18:56:53-07:00,2,68
/Users/cj/Documents/GitHub/portfolio/resume/index.html,6,html,caafc183,cjkmy,2026-04-02,18:56:53,-07:00,2026-04-02T18:56:53-07:00,2,51
/Users/cj/Documents/GitHub/portfolio/resume/index.html,7,html,caafc183,cjkmy,2026-04-02,18:56:53,-07:00,2026-04-02T18:56:53-07:00,2,41
/Users/cj/Documents/GitHub/portfolio/resume/index.html,8,html,9513d8d7,cjkmy,2026-04-15,18:44:08,-07:00,2026-04-15T18:44:08-07:00,2,48
/Users/cj/Documents/GitHub/portfolio/resume/index.html,9,html,caafc183,cjkmy,2026-04-02,18:56:53,-07:00,2026-04-02T18:56:53-07:00,0,0
/Users/cj/Documents/GitHub/portfolio/resume/index.html,10,html,caafc183,cjkmy,2026-04-02,18:56:53,-07:00,2026-04-02T18:56:53-07:00,0,5
/Users/cj/Documents/GitHub/portfolio/resume/index.html,11,html,caafc183,cjkmy,2026-04-02,18:56:53,-07:00,2026-04-02T18:56:53-07:00,0,4
/Users/cj/Documents/GitHub/portfolio/resume/index.html,12,html,caafc183,cjkmy,2026-04-02,18:56:53,-07:00,2026-04-02T18:56:53-07:00,0,0
/Users/cj/Documents/GitHub/portfolio/resume/index.html,13,html,caafc183,cjkmy,2026-04-02,18:56:53,-07:00,2026-04-02T18:56:53-07:00,2,36
/Users/cj/Documents/GitHub/portfolio/resume/index.html,14,html,caafc183,cjkmy,2026-04-02,18:56:53,-07:00,2026-04-02T18:56:53-07:00,2,7
/Users/cj/Documents/GitHub/portfolio/resume/index.html,15,html,caafc183,cjkmy,2026-04-02,18:56:53,-07:00,2026-04-02T18:56:53-07:00,4,33
/Users/cj/Documents/GitHub/portfolio/resume/index.html,16,html,caafc183,cjkmy,2026-04-02,18:56:53,-07:00,2026-04-02T18:56:53-07:00,4,7
/Users/cj/Documents/GitHub/portfolio/resume/index.html,17,html,caafc183,cjkmy,2026-04-02,18:56:53,-07:00,2026-04-02T18:56:53-07:00,6,29
/Users/cj/Documents/GitHub/portfolio/resume/index.html,18,html,caafc183,cjkmy,2026-04-02,18:56:53,-07:00,2026-04-02T18:56:53-07:00,6,24
/Users/cj/Documents/GitHub/portfolio/resume/index.html,19,html,caafc183,cjkmy,2026-04-02,18:56:53,-07:00,2026-04-02T18:56:53-07:00,6,90
/Users/cj/Documents/GitHub/portfolio/resume/index.html,20,html,caafc183,cjkmy,2026-04-02,18:56:53,-07:00,2026-04-02T18:56:53-07:00,4,8
/Users/cj/Documents/GitHub/portfolio/resume/index.html,21,html,caafc183,cjkmy,2026-04-02,18:56:53,-07:00,2026-04-02T18:56:53-07:00,4,7
/Users/cj/Documents/GitHub/portfolio/resume/index.html,22,html,caafc183,cjkmy,2026-04-02,18:56:53,-07:00,2026-04-02T18:56:53-07:00,6,41
/Users/cj/Documents/GitHub/portfolio/resume/index.html,23,html,caafc183,cjkmy,2026-04-02,18:56:53,-07:00,2026-04-02T18:56:53-07:00,6,40
/Users/cj/Documents/GitHub/portfolio/resume/index.html,24,html,caafc183,cjkmy,2026-04-02,18:56:53,-07:00,2026-04-02T18:56:53-07:00,6,93
/Users/cj/Documents/GitHub/portfolio/resume/index.html,25,html,caafc183,cjkmy,2026-04-02,18:56:53,-07:00,2026-04-02T18:56:53-07:00,4,8
/Users/cj/Documents/GitHub/portfolio/resume/index.html,26,html,caafc183,cjkmy,2026-04-02,18:56:53,-07:00,2026-04-02T18:56:53-07:00,2,8
/Users/cj/Documents/GitHub/portfolio/resume/index.html,27,html,caafc183,cjkmy,2026-04-02,18:56:53,-07:00,2026-04-02T18:56:53-07:00,0,0
/Users/cj/Documents/GitHub/portfolio/resume/index.html,28,html,a6774d15,cjkmy,2026-04-02,19:50:31,-07:00,2026-04-02T19:50:31-07:00,2,7
/Users/cj/Documents/GitHub/portfolio/resume/index.html,29,html,a6774d15,cjkmy,2026-04-02,19:50:31,-07:00,2026-04-02T19:50:31-07:00,4,34
/Users/cj/Documents/GitHub/portfolio/resume/index.html,30,html,a6774d15,cjkmy,2026-04-02,19:50:31,-07:00,2026-04-02T19:50:31-07:00,4,7
/Users/cj/Documents/GitHub/portfolio/resume/index.html,31,html,a6774d15,cjkmy,2026-04-02,19:50:31,-07:00,2026-04-02T19:50:31-07:00,6,34
/Users/cj/Documents/GitHub/portfolio/resume/index.html,32,html,a6774d15,cjkmy,2026-04-02,19:50:31,-07:00,2026-04-02T19:50:31-07:00,6,94
/Users/cj/Documents/GitHub/portfolio/resume/index.html,33,html,a6774d15,cjkmy,2026-04-02,19:50:31,-07:00,2026-04-02T19:50:31-07:00,8,46
/Users/cj/Documents/GitHub/portfolio/resume/index.html,34,html,a6774d15,cjkmy,2026-04-02,19:50:31,-07:00,2026-04-02T19:50:31-07:00,6,2
/Users/cj/Documents/GitHub/portfolio/resume/index.html,35,html,a6774d15,cjkmy,2026-04-02,19:50:31,-07:00,2026-04-02T19:50:31-07:00,6,95
/Users/cj/Documents/GitHub/portfolio/resume/index.html,36,html,a6774d15,cjkmy,2026-04-02,19:50:31,-07:00,2026-04-02T19:50:31-07:00,6,91
/Users/cj/Documents/GitHub/portfolio/resume/index.html,37,html,a6774d15,cjkmy,2026-04-02,19:50:31,-07:00,2026-04-02T19:50:31-07:00,4,8
/Users/cj/Documents/GitHub/portfolio/resume/index.html,38,html,a6774d15,cjkmy,2026-04-02,19:50:31,-07:00,2026-04-02T19:50:31-07:00,4,7
/Users/cj/Documents/GitHub/portfolio/resume/index.html,39,html,a6774d15,cjkmy,2026-04-02,19:50:31,-07:00,2026-04-02T19:50:31-07:00,6,51
/Users/cj/Documents/GitHub/portfolio/resume/index.html,40,html,a6774d15,cjkmy,2026-04-02,19:50:31,-07:00,2026-04-02T19:50:31-07:00,6,83
/Users/cj/Documents/GitHub/portfolio/resume/index.html,41,html,a6774d15,cjkmy,2026-04-02,19:50:31,-07:00,2026-04-02T19:50:31-07:00,8,36
/Users/cj/Documents/GitHub/portfolio/resume/index.html,42,html,a6774d15,cjkmy,2026-04-02,19:50:31,-07:00,2026-04-02T19:50:31-07:00,6,84
/Users/cj/Documents/GitHub/portfolio/resume/index.html,43,html,a6774d15,cjkmy,2026-04-02,19:50:31,-07:00,2026-04-02T19:50:31-07:00,6,95
/Users/cj/Documents/GitHub/portfolio/resume/index.html,44,html,a6774d15,cjkmy,2026-04-02,19:50:31,-07:00,2026-04-02T19:50:31-07:00,6,83
/Users/cj/Documents/GitHub/portfolio/resume/index.html,45,html,a6774d15,cjkmy,2026-04-02,19:50:31,-07:00,2026-04-02T19:50:31-07:00,4,8
/Users/cj/Documents/GitHub/portfolio/resume/index.html,46,html,a6774d15,cjkmy,2026-04-02,19:50:31,-07:00,2026-04-02T19:50:31-07:00,4,7
/Users/cj/Documents/GitHub/portfolio/resume/index.html,47,html,a6774d15,cjkmy,2026-04-02,19:50:31,-07:00,2026-04-02T19:50:31-07:00,6,59
/Users/cj/Documents/GitHub/portfolio/resume/index.html,48,html,a6774d15,cjkmy,2026-04-02,19:50:31,-07:00,2026-04-02T19:50:31-07:00,6,51
/Users/cj/Documents/GitHub/portfolio/resume/index.html,49,html,a6774d15,cjkmy,2026-04-02,19:50:31,-07:00,2026-04-02T19:50:31-07:00,6,93
/Users/cj/Documents/GitHub/portfolio/resume/index.html,50,html,a6774d15,cjkmy,2026-04-02,19:50:31,-07:00,2026-04-02T19:50:31-07:00,8,56
/Users/cj/Documents/GitHub/portfolio/resume/index.html,51,html,a6774d15,cjkmy,2026-04-02,19:50:31,-07:00,2026-04-02T19:50:31-07:00,6,2
/Users/cj/Documents/GitHub/portfolio/resume/index.html,52,html,a6774d15,cjkmy,2026-04-02,19:50:31,-07:00,2026-04-02T19:50:31-07:00,6,37
/Users/cj/Documents/GitHub/portfolio/resume/index.html,53,html,a6774d15,cjkmy,2026-04-02,19:50:31,-07:00,2026-04-02T19:50:31-07:00,4,8
/Users/cj/Documents/GitHub/portfolio/resume/index.html,54,html,e9fe0194,cjkmy,2026-04-02,20:14:52,-07:00,2026-04-02T20:14:52-07:00,4,7
/Users/cj/Documents/GitHub/portfolio/resume/index.html,55,html,e9fe0194,cjkmy,2026-04-02,20:14:52,-07:00,2026-04-02T20:14:52-07:00,6,45
/Users/cj/Documents/GitHub/portfolio/resume/index.html,56,html,e9fe0194,cjkmy,2026-04-02,20:14:52,-07:00,2026-04-02T20:14:52-07:00,6,104
/Users/cj/Documents/GitHub/portfolio/resume/index.html,57,html,e9fe0194,cjkmy,2026-04-02,20:14:52,-07:00,2026-04-02T20:14:52-07:00,6,44
/Users/cj/Documents/GitHub/portfolio/resume/index.html,58,html,e9fe0194,cjkmy,2026-04-02,20:14:52,-07:00,2026-04-02T20:14:52-07:00,6,51
/Users/cj/Documents/GitHub/portfolio/resume/index.html,59,html,e9fe0194,cjkmy,2026-04-02,20:14:52,-07:00,2026-04-02T20:14:52-07:00,6,66
/Users/cj/Documents/GitHub/portfolio/resume/index.html,60,html,e9fe0194,cjkmy,2026-04-02,20:14:52,-07:00,2026-04-02T20:14:52-07:00,4,8
/Users/cj/Documents/GitHub/portfolio/resume/index.html,61,html,e9fe0194,cjkmy,2026-04-02,20:14:52,-07:00,2026-04-02T20:14:52-07:00,2,8
/Users/cj/Documents/GitHub/portfolio/resume/index.html,62,html,e9fe0194,cjkmy,2026-04-02,20:14:52,-07:00,2026-04-02T20:14:52-07:00,0,0
/Users/cj/Documents/GitHub/portfolio/resume/index.html,63,html,e9fe0194,cjkmy,2026-04-02,20:14:52,-07:00,2026-04-02T20:14:52-07:00,2,7
/Users/cj/Documents/GitHub/portfolio/resume/index.html,64,html,e9fe0194,cjkmy,2026-04-02,20:14:52,-07:00,2026-04-02T20:14:52-07:00,4,30
/Users/cj/Documents/GitHub/portfolio/resume/index.html,65,html,e9fe0194,cjkmy,2026-04-02,20:14:52,-07:00,2026-04-02T20:14:52-07:00,4,23
/Users/cj/Documents/GitHub/portfolio/resume/index.html,66,html,e9fe0194,cjkmy,2026-04-02,20:14:52,-07:00,2026-04-02T20:14:52-07:00,4,20
/Users/cj/Documents/GitHub/portfolio/resume/index.html,67,html,e9fe0194,cjkmy,2026-04-02,20:14:52,-07:00,2026-04-02T20:14:52-07:00,4,19
/Users/cj/Documents/GitHub/portfolio/resume/index.html,68,html,e9fe0194,cjkmy,2026-04-02,20:14:52,-07:00,2026-04-02T20:14:52-07:00,4,16
/Users/cj/Documents/GitHub/portfolio/resume/index.html,69,html,e9fe0194,cjkmy,2026-04-02,20:14:52,-07:00,2026-04-02T20:14:52-07:00,2,8
/Users/cj/Documents/GitHub/portfolio/resume/index.html,70,html,e9fe0194,cjkmy,2026-04-02,20:14:52,-07:00,2026-04-02T20:14:52-07:00,0,0
/Users/cj/Documents/GitHub/portfolio/resume/index.html,71,html,e9fe0194,cjkmy,2026-04-02,20:14:52,-07:00,2026-04-02T20:14:52-07:00,2,7
/Users/cj/Documents/GitHub/portfolio/resume/index.html,72,html,e9fe0194,cjkmy,2026-04-02,20:14:52,-07:00,2026-04-02T20:14:52-07:00,4,40
/Users/cj/Documents/GitHub/portfolio/resume/index.html,73,html,e9fe0194,cjkmy,2026-04-02,20:14:52,-07:00,2026-04-02T20:14:52-07:00,4,43
/Users/cj/Documents/GitHub/portfolio/resume/index.html,74,html,e9fe0194,cjkmy,2026-04-02,20:14:52,-07:00,2026-04-02T20:14:52-07:00,4,12
/Users/cj/Documents/GitHub/portfolio/resume/index.html,75,html,e9fe0194,cjkmy,2026-04-02,20:14:52,-07:00,2026-04-02T20:14:52-07:00,4,56
/Users/cj/Documents/GitHub/portfolio/resume/index.html,76,html,e9fe0194,cjkmy,2026-04-02,20:14:52,-07:00,2026-04-02T20:14:52-07:00,2,8
/Users/cj/Documents/GitHub/portfolio/resume/index.html,77,html,e9fe0194,cjkmy,2026-04-02,20:14:52,-07:00,2026-04-02T20:14:52-07:00,0,0
/Users/cj/Documents/GitHub/portfolio/resume/index.html,78,html,e9fe0194,cjkmy,2026-04-02,20:14:52,-07:00,2026-04-02T20:14:52-07:00,2,7
/Users/cj/Documents/GitHub/portfolio/resume/index.html,79,html,e9fe0194,cjkmy,2026-04-02,20:14:52,-07:00,2026-04-02T20:14:52-07:00,4,33
/Users/cj/Documents/GitHub/portfolio/resume/index.html,80,html,e9fe0194,cjkmy,2026-04-02,20:14:52,-07:00,2026-04-02T20:14:52-07:00,4,23
/Users/cj/Documents/GitHub/portfolio/resume/index.html,81,html,e9fe0194,cjkmy,2026-04-02,20:14:52,-07:00,2026-04-02T20:14:52-07:00,4,23
/Users/cj/Documents/GitHub/portfolio/resume/index.html,82,html,a6774d15,cjkmy,2026-04-02,19:50:31,-07:00,2026-04-02T19:50:31-07:00,2,8
/Users/cj/Documents/GitHub/portfolio/resume/index.html,83,html,caafc183,cjkmy,2026-04-02,18:56:53,-07:00,2026-04-02T18:56:53-07:00,0,5
/Users/cj/Documents/GitHub/portfolio/resume/index.html,84,html,caafc183,cjkmy,2026-04-02,18:56:53,-07:00,2026-04-02T18:56:53-07:00,0,5
/Users/cj/Documents/GitHub/portfolio/projects/projects.js,1,js,c1956ab4,cjkmy,2026-04-24,00:56:37,-07:00,2026-04-24T00:56:37-07:00,0,55
/Users/cj/Documents/GitHub/portfolio/projects/projects.js,2,js,dd1ca465,cjkmy,2026-04-30,20:33:54,-07:00,2026-04-30T20:33:54-07:00,0,63
/Users/cj/Documents/GitHub/portfolio/projects/projects.js,3,js,c1956ab4,cjkmy,2026-04-24,00:56:37,-07:00,2026-04-24T00:56:37-07:00,0,0
/Users/cj/Documents/GitHub/portfolio/projects/projects.js,4,js,94e3eda2,cjkmy,2026-04-24,19:43:00,-07:00,2026-04-24T19:43:00-07:00,0,15
/Users/cj/Documents/GitHub/portfolio/projects/projects.js,5,js,94e3eda2,cjkmy,2026-04-24,19:43:00,-07:00,2026-04-24T19:43:00-07:00,1,68
/Users/cj/Documents/GitHub/portfolio/projects/projects.js,6,js,94e3eda2,cjkmy,2026-04-24,19:43:00,-07:00,2026-04-24T19:43:00-07:00,2,5
/Users/cj/Documents/GitHub/portfolio/projects/projects.js,7,js,94e3eda2,cjkmy,2026-04-24,19:43:00,-07:00,2026-04-24T19:43:00-07:00,2,14
/Users/cj/Documents/GitHub/portfolio/projects/projects.js,8,js,c1956ab4,cjkmy,2026-04-24,00:56:37,-07:00,2026-04-24T00:56:37-07:00,0,0
/Users/cj/Documents/GitHub/portfolio/projects/projects.js,9,js,94e3eda2,cjkmy,2026-04-24,19:43:00,-07:00,2026-04-24T19:43:00-07:00,0,64
/Users/cj/Documents/GitHub/portfolio/projects/projects.js,10,js,dd1ca465,cjkmy,2026-04-30,20:33:54,-07:00,2026-04-30T20:33:54-07:00,0,0
/Users/cj/Documents/GitHub/portfolio/projects/projects.js,11,js,94e3eda2,cjkmy,2026-04-24,19:43:00,-07:00,2026-04-24T19:43:00-07:00,0,59
/Users/cj/Documents/GitHub/portfolio/projects/projects.js,12,js,dd1ca465,cjkmy,2026-04-30,20:33:54,-07:00,2026-04-30T20:33:54-07:00,0,55
/Users/cj/Documents/GitHub/portfolio/projects/projects.js,13,js,dd1ca465,cjkmy,2026-04-30,20:33:54,-07:00,2026-04-30T20:33:54-07:00,0,49
/Users/cj/Documents/GitHub/portfolio/projects/projects.js,14,js,dd1ca465,cjkmy,2026-04-30,20:33:54,-07:00,2026-04-30T20:33:54-07:00,0,0
/Users/cj/Documents/GitHub/portfolio/projects/projects.js,15,js,dd1ca465,cjkmy,2026-04-30,20:33:54,-07:00,2026-04-30T20:33:54-07:00,0,21
/Users/cj/Documents/GitHub/portfolio/projects/projects.js,16,js,dd1ca465,cjkmy,2026-04-30,20:33:54,-07:00,2026-04-30T20:33:54-07:00,0,13
/Users/cj/Documents/GitHub/portfolio/projects/projects.js,17,js,dd1ca465,cjkmy,2026-04-30,20:33:54,-07:00,2026-04-30T20:33:54-07:00,0,0
/Users/cj/Documents/GitHub/portfolio/projects/projects.js,18,js,dd1ca465,cjkmy,2026-04-30,20:33:54,-07:00,2026-04-30T20:33:54-07:00,0,47
/Users/cj/Documents/GitHub/portfolio/projects/projects.js,19,js,dd1ca465,cjkmy,2026-04-30,20:33:54,-07:00,2026-04-30T20:33:54-07:00,0,0
/Users/cj/Documents/GitHub/portfolio/projects/projects.js,20,js,2c8dcbe6,cjkmy,2026-05-08,15:19:36,-07:00,2026-05-08T15:19:36-07:00,0,77
/Users/cj/Documents/GitHub/portfolio/projects/projects.js,21,js,dd1ca465,cjkmy,2026-04-30,20:33:54,-07:00,2026-04-30T20:33:54-07:00,1,30
/Users/cj/Documents/GitHub/portfolio/projects/projects.js,22,js,dd1ca465,cjkmy,2026-04-30,20:33:54,-07:00,2026-04-30T20:33:54-07:00,1,10
/Users/cj/Documents/GitHub/portfolio/projects/projects.js,23,js,dd1ca465,cjkmy,2026-04-30,20:33:54,-07:00,2026-04-30T20:33:54-07:00,2,55
/Users/cj/Documents/GitHub/portfolio/projects/projects.js,24,js,dd1ca465,cjkmy,2026-04-30,20:33:54,-07:00,2026-04-30T20:33:54-07:00,3,61
/Users/cj/Documents/GitHub/portfolio/projects/projects.js,25,js,dd1ca465,cjkmy,2026-04-30,20:33:54,-07:00,2026-04-30T20:33:54-07:00,3,42
/Users/cj/Documents/GitHub/portfolio/projects/projects.js,26,js,dd1ca465,cjkmy,2026-04-30,20:33:54,-07:00,2026-04-30T20:33:54-07:00,2,1
/Users/cj/Documents/GitHub/portfolio/projects/projects.js,27,js,dd1ca465,cjkmy,2026-04-30,20:33:54,-07:00,2026-04-30T20:33:54-07:00,1,0
/Users/cj/Documents/GitHub/portfolio/projects/projects.js,28,js,dd1ca465,cjkmy,2026-04-30,20:33:54,-07:00,2026-04-30T20:33:54-07:00,1,22
/Users/cj/Documents/GitHub/portfolio/projects/projects.js,29,js,dd1ca465,cjkmy,2026-04-30,20:33:54,-07:00,2026-04-30T20:33:54-07:00,0,0
/Users/cj/Documents/GitHub/portfolio/projects/projects.js,30,js,dd1ca465,cjkmy,2026-04-30,20:33:54,-07:00,2026-04-30T20:33:54-07:00,0,0
/Users/cj/Documents/GitHub/portfolio/projects/projects.js,31,js,dd1ca465,cjkmy,2026-04-30,20:33:54,-07:00,2026-04-30T20:33:54-07:00,0,38
/Users/cj/Documents/GitHub/portfolio/projects/projects.js,32,js,dd1ca465,cjkmy,2026-04-30,20:33:54,-07:00,2026-04-30T20:33:54-07:00,1,28
/Users/cj/Documents/GitHub/portfolio/projects/projects.js,33,js,dd1ca465,cjkmy,2026-04-30,20:33:54,-07:00,2026-04-30T20:33:54-07:00,2,12
/Users/cj/Documents/GitHub/portfolio/projects/projects.js,34,js,dd1ca465,cjkmy,2026-04-30,20:33:54,-07:00,2026-04-30T20:33:54-07:00,2,14
/Users/cj/Documents/GitHub/portfolio/projects/projects.js,35,js,dd1ca465,cjkmy,2026-04-30,20:33:54,-07:00,2026-04-30T20:33:54-07:00,2,11
/Users/cj/Documents/GitHub/portfolio/projects/projects.js,36,js,dd1ca465,cjkmy,2026-04-30,20:33:54,-07:00,2026-04-30T20:33:54-07:00,1,0
/Users/cj/Documents/GitHub/portfolio/projects/projects.js,37,js,dd1ca465,cjkmy,2026-04-30,20:33:54,-07:00,2026-04-30T20:33:54-07:00,0,0
/Users/cj/Documents/GitHub/portfolio/projects/projects.js,38,js,dd1ca465,cjkmy,2026-04-30,20:33:54,-07:00,2026-04-30T20:33:54-07:00,1,47
/Users/cj/Documents/GitHub/portfolio/projects/projects.js,39,js,dd1ca465,cjkmy,2026-04-30,20:33:54,-07:00,2026-04-30T20:33:54-07:00,2,11
/Users/cj/Documents/GitHub/portfolio/projects/projects.js,40,js,dd1ca465,cjkmy,2026-04-30,20:33:54,-07:00,2026-04-30T20:33:54-07:00,2,9
/Users/cj/Documents/GitHub/portfolio/projects/projects.js,41,js,dd1ca465,cjkmy,2026-04-30,20:33:54,-07:00,2026-04-30T20:33:54-07:00,1,2
/Users/cj/Documents/GitHub/portfolio/projects/projects.js,42,js,dd1ca465,cjkmy,2026-04-30,20:33:54,-07:00,2026-04-30T20:33:54-07:00,0,0
/Users/cj/Documents/GitHub/portfolio/projects/projects.js,43,js,dd1ca465,cjkmy,2026-04-30,20:33:54,-07:00,2026-04-30T20:33:54-07:00,1,42
/Users/cj/Documents/GitHub/portfolio/projects/projects.js,44,js,dd1ca465,cjkmy,2026-04-30,20:33:54,-07:00,2026-04-30T20:33:54-07:00,1,34
/Users/cj/Documents/GitHub/portfolio/projects/projects.js,45,js,dd1ca465,cjkmy,2026-04-30,20:33:54,-07:00,2026-04-30T20:33:54-07:00,0,0
/Users/cj/Documents/GitHub/portfolio/projects/projects.js,46,js,dd1ca465,cjkmy,2026-04-30,20:33:54,-07:00,2026-04-30T20:33:54-07:00,1,29
/Users/cj/Documents/GitHub/portfolio/projects/projects.js,47,js,dd1ca465,cjkmy,2026-04-30,20:33:54,-07:00,2026-04-30T20:33:54-07:00,1,29
/Users/cj/Documents/GitHub/portfolio/projects/projects.js,48,js,dd1ca465,cjkmy,2026-04-30,20:33:54,-07:00,2026-04-30T20:33:54-07:00,0,0
/Users/cj/Documents/GitHub/portfolio/projects/projects.js,49,js,dd1ca465,cjkmy,2026-04-30,20:33:54,-07:00,2026-04-30T20:33:54-07:00,1,27
/Users/cj/Documents/GitHub/portfolio/projects/projects.js,50,js,dd1ca465,cjkmy,2026-04-30,20:33:54,-07:00,2026-04-30T20:33:54-07:00,2,13
/Users/cj/Documents/GitHub/portfolio/projects/projects.js,51,js,dd1ca465,cjkmy,2026-04-30,20:33:54,-07:00,2026-04-30T20:33:54-07:00,2,15
/Users/cj/Documents/GitHub/portfolio/projects/projects.js,52,js,dd1ca465,cjkmy,2026-04-30,20:33:54,-07:00,2026-04-30T20:33:54-07:00,0,0
/Users/cj/Documents/GitHub/portfolio/projects/projects.js,53,js,dd1ca465,cjkmy,2026-04-30,20:33:54,-07:00,2026-04-30T20:33:54-07:00,1,29
/Users/cj/Documents/GitHub/portfolio/projects/projects.js,54,js,dd1ca465,cjkmy,2026-04-30,20:33:54,-07:00,2026-04-30T20:33:54-07:00,2,21
/Users/cj/Documents/GitHub/portfolio/projects/projects.js,55,js,dd1ca465,cjkmy,2026-04-30,20:33:54,-07:00,2026-04-30T20:33:54-07:00,0,0
/Users/cj/Documents/GitHub/portfolio/projects/projects.js,56,js,dd1ca465,cjkmy,2026-04-30,20:33:54,-07:00,2026-04-30T20:33:54-07:00,1,35
/Users/cj/Documents/GitHub/portfolio/projects/projects.js,57,js,dd1ca465,cjkmy,2026-04-30,20:33:54,-07:00,2026-04-30T20:33:54-07:00,0,0
/Users/cj/Documents/GitHub/portfolio/projects/projects.js,58,js,dd1ca465,cjkmy,2026-04-30,20:33:54,-07:00,2026-04-30T20:33:54-07:00,1,1
/Users/cj/Documents/GitHub/portfolio/projects/projects.js,59,js,dd1ca465,cjkmy,2026-04-30,20:33:54,-07:00,2026-04-30T20:33:54-07:00,2,16
/Users/cj/Documents/GitHub/portfolio/projects/projects.js,60,js,dd1ca465,cjkmy,2026-04-30,20:33:54,-07:00,2026-04-30T20:33:54-07:00,2,12
/Users/cj/Documents/GitHub/portfolio/projects/projects.js,61,js,dd1ca465,cjkmy,2026-04-30,20:33:54,-07:00,2026-04-30T20:33:54-07:00,2,11
/Users/cj/Documents/GitHub/portfolio/projects/projects.js,62,js,dd1ca465,cjkmy,2026-04-30,20:33:54,-07:00,2026-04-30T20:33:54-07:00,2,22
/Users/cj/Documents/GitHub/portfolio/projects/projects.js,63,js,dd1ca465,cjkmy,2026-04-30,20:33:54,-07:00,2026-04-30T20:33:54-07:00,2,32
/Users/cj/Documents/GitHub/portfolio/projects/projects.js,64,js,dd1ca465,cjkmy,2026-04-30,20:33:54,-07:00,2026-04-30T20:33:54-07:00,2,61
/Users/cj/Documents/GitHub/portfolio/projects/projects.js,65,js,dd1ca465,cjkmy,2026-04-30,20:33:54,-07:00,2026-04-30T20:33:54-07:00,2,22
/Users/cj/Documents/GitHub/portfolio/projects/projects.js,66,js,dd1ca465,cjkmy,2026-04-30,20:33:54,-07:00,2026-04-30T20:33:54-07:00,3,27
/Users/cj/Documents/GitHub/portfolio/projects/projects.js,67,js,dd1ca465,cjkmy,2026-04-30,20:33:54,-07:00,2026-04-30T20:33:54-07:00,3,43
/Users/cj/Documents/GitHub/portfolio/projects/projects.js,68,js,dd1ca465,cjkmy,2026-04-30,20:33:54,-07:00,2026-04-30T20:33:54-07:00,0,0
/Users/cj/Documents/GitHub/portfolio/projects/projects.js,69,js,2c8dcbe6,cjkmy,2026-05-08,15:19:36,-07:00,2026-05-08T15:19:36-07:00,3,82
/Users/cj/Documents/GitHub/portfolio/projects/projects.js,70,js,dd1ca465,cjkmy,2026-04-30,20:33:54,-07:00,2026-04-30T20:33:54-07:00,3,25
/Users/cj/Documents/GitHub/portfolio/projects/projects.js,71,js,dd1ca465,cjkmy,2026-04-30,20:33:54,-07:00,2026-04-30T20:33:54-07:00,4,45
/Users/cj/Documents/GitHub/portfolio/projects/projects.js,72,js,dd1ca465,cjkmy,2026-04-30,20:33:54,-07:00,2026-04-30T20:33:54-07:00,4,55
/Users/cj/Documents/GitHub/portfolio/projects/projects.js,73,js,dd1ca465,cjkmy,2026-04-30,20:33:54,-07:00,2026-04-30T20:33:54-07:00,5,35
/Users/cj/Documents/GitHub/portfolio/projects/projects.js,74,js,dd1ca465,cjkmy,2026-04-30,20:33:54,-07:00,2026-04-30T20:33:54-07:00,4,1
/Users/cj/Documents/GitHub/portfolio/projects/projects.js,75,js,dd1ca465,cjkmy,2026-04-30,20:33:54,-07:00,2026-04-30T20:33:54-07:00,3,0
/Users/cj/Documents/GitHub/portfolio/projects/projects.js,76,js,dd1ca465,cjkmy,2026-04-30,20:33:54,-07:00,2026-04-30T20:33:54-07:00,3,55
/Users/cj/Documents/GitHub/portfolio/projects/projects.js,77,js,2c8dcbe6,cjkmy,2026-05-08,15:19:36,-07:00,2026-05-08T15:19:36-07:00,3,64
/Users/cj/Documents/GitHub/portfolio/projects/projects.js,78,js,dd1ca465,cjkmy,2026-04-30,20:33:54,-07:00,2026-04-30T20:33:54-07:00,2,1
/Users/cj/Documents/GitHub/portfolio/projects/projects.js,79,js,dd1ca465,cjkmy,2026-04-30,20:33:54,-07:00,2026-04-30T20:33:54-07:00,0,0
/Users/cj/Documents/GitHub/portfolio/projects/projects.js,80,js,dd1ca465,cjkmy,2026-04-30,20:33:54,-07:00,2026-04-30T20:33:54-07:00,1,4
/Users/cj/Documents/GitHub/portfolio/projects/projects.js,81,js,dd1ca465,cjkmy,2026-04-30,20:33:54,-07:00,2026-04-30T20:33:54-07:00,2,14
/Users/cj/Documents/GitHub/portfolio/projects/projects.js,82,js,dd1ca465,cjkmy,2026-04-30,20:33:54,-07:00,2026-04-30T20:33:54-07:00,2,9
/Users/cj/Documents/GitHub/portfolio/projects/projects.js,83,js,dd1ca465,cjkmy,2026-04-30,20:33:54,-07:00,2026-04-30T20:33:54-07:00,2,9
/Users/cj/Documents/GitHub/portfolio/projects/projects.js,84,js,dd1ca465,cjkmy,2026-04-30,20:33:54,-07:00,2026-04-30T20:33:54-07:00,2,22
/Users/cj/Documents/GitHub/portfolio/projects/projects.js,85,js,dd1ca465,cjkmy,2026-04-30,20:33:54,-07:00,2026-04-30T20:33:54-07:00,3,58
/Users/cj/Documents/GitHub/portfolio/projects/projects.js,86,js,dd1ca465,cjkmy,2026-04-30,20:33:54,-07:00,2026-04-30T20:33:54-07:00,2,0
/Users/cj/Documents/GitHub/portfolio/projects/projects.js,87,js,dd1ca465,cjkmy,2026-04-30,20:33:54,-07:00,2026-04-30T20:33:54-07:00,2,46
/Users/cj/Documents/GitHub/portfolio/projects/projects.js,88,js,dd1ca465,cjkmy,2026-04-30,20:33:54,-07:00,2026-04-30T20:33:54-07:00,2,76
/Users/cj/Documents/GitHub/portfolio/projects/projects.js,89,js,dd1ca465,cjkmy,2026-04-30,20:33:54,-07:00,2026-04-30T20:33:54-07:00,0,0
/Users/cj/Documents/GitHub/portfolio/projects/projects.js,90,js,dd1ca465,cjkmy,2026-04-30,20:33:54,-07:00,2026-04-30T20:33:54-07:00,0,0
/Users/cj/Documents/GitHub/portfolio/projects/projects.js,91,js,dd1ca465,cjkmy,2026-04-30,20:33:54,-07:00,2026-04-30T20:33:54-07:00,0,23
/Users/cj/Documents/GitHub/portfolio/projects/projects.js,92,js,dd1ca465,cjkmy,2026-04-30,20:33:54,-07:00,2026-04-30T20:33:54-07:00,0,0
/Users/cj/Documents/GitHub/portfolio/projects/projects.js,93,js,dd1ca465,cjkmy,2026-04-30,20:33:54,-07:00,2026-04-30T20:33:54-07:00,0,48
/Users/cj/Documents/GitHub/portfolio/projects/projects.js,94,js,dd1ca465,cjkmy,2026-04-30,20:33:54,-07:00,2026-04-30T20:33:54-07:00,1,25
/Users/cj/Documents/GitHub/portfolio/projects/projects.js,95,js,dd1ca465,cjkmy,2026-04-30,20:33:54,-07:00,2026-04-30T20:33:54-07:00,0,0
/Users/cj/Documents/GitHub/portfolio/projects/projects.js,96,js,dd1ca465,cjkmy,2026-04-30,20:33:54,-07:00,2026-04-30T20:33:54-07:00,1,17
/Users/cj/Documents/GitHub/portfolio/projects/projects.js,97,js,dd1ca465,cjkmy,2026-04-30,20:33:54,-07:00,2026-04-30T20:33:54-07:00,0,0
/Users/cj/Documents/GitHub/portfolio/projects/projects.js,98,js,dd1ca465,cjkmy,2026-04-30,20:33:54,-07:00,2026-04-30T20:33:54-07:00,1,45
/Users/cj/Documents/GitHub/portfolio/projects/projects.js,99,js,859e56fb,cjkmy,2026-04-24,01:23:58,-07:00,2026-04-24T01:23:58-07:00,0,0
/Users/cj/Documents/GitHub/portfolio/projects/projects.js,100,js,dd1ca465,cjkmy,2026-04-30,20:33:54,-07:00,2026-04-30T20:33:54-07:00,1,55
/Users/cj/Documents/GitHub/portfolio/projects/projects.js,101,js,dd1ca465,cjkmy,2026-04-30,20:33:54,-07:00,2026-04-30T20:33:54-07:00,1,31
/Users/cj/Documents/GitHub/portfolio/projects/projects.js,102,js,dd1ca465,cjkmy,2026-04-30,20:33:54,-07:00,2026-04-30T20:33:54-07:00,0,1
/Users/cj/Documents/GitHub/portfolio/projects/index.html,1,html,c16b7846,cjkmy,2026-04-02,19:52:42,-07:00,2026-04-02T19:52:42-07:00,0,13
/Users/cj/Documents/GitHub/portfolio/projects/index.html,2,html,c16b7846,cjkmy,2026-04-02,19:52:42,-07:00,2026-04-02T19:52:42-07:00,0,14
/Users/cj/Documents/GitHub/portfolio/projects/index.html,3,html,c16b7846,cjkmy,2026-04-02,19:52:42,-07:00,2026-04-02T19:52:42-07:00,0,4
/Users/cj/Documents/GitHub/portfolio/projects/index.html,4,html,c16b7846,cjkmy,2026-04-02,19:52:42,-07:00,2026-04-02T19:52:42-07:00,2,20
/Users/cj/Documents/GitHub/portfolio/projects/index.html,5,html,c16b7846,cjkmy,2026-04-02,19:52:42,-07:00,2026-04-02T19:52:42-07:00,2,68
/Users/cj/Documents/GitHub/portfolio/projects/index.html,6,html,c16b7846,cjkmy,2026-04-02,19:52:42,-07:00,2026-04-02T19:52:42-07:00,2,28
/Users/cj/Documents/GitHub/portfolio/projects/index.html,7,html,69b88446,cjkmy,2026-04-08,17:27:38,-07:00,2026-04-08T17:27:38-07:00,2,41
/Users/cj/Documents/GitHub/portfolio/projects/index.html,8,html,c1956ab4,cjkmy,2026-04-24,00:56:37,-07:00,2026-04-24T00:56:37-07:00,2,48
/Users/cj/Documents/GitHub/portfolio/projects/index.html,9,html,c1956ab4,cjkmy,2026-04-24,00:56:37,-07:00,2026-04-24T00:56:37-07:00,2,47
/Users/cj/Documents/GitHub/portfolio/projects/index.html,10,html,69b88446,cjkmy,2026-04-08,17:27:38,-07:00,2026-04-08T17:27:38-07:00,0,0
/Users/cj/Documents/GitHub/portfolio/projects/index.html,11,html,c16b7846,cjkmy,2026-04-02,19:52:42,-07:00,2026-04-02T19:52:42-07:00,0,5
/Users/cj/Documents/GitHub/portfolio/projects/index.html,12,html,c16b7846,cjkmy,2026-04-02,19:52:42,-07:00,2026-04-02T19:52:42-07:00,0,4
/Users/cj/Documents/GitHub/portfolio/projects/index.html,13,html,859e56fb,cjkmy,2026-04-24,01:23:58,-07:00,2026-04-24T01:23:58-07:00,2,38
/Users/cj/Documents/GitHub/portfolio/projects/index.html,14,html,dd1ca465,cjkmy,2026-04-30,20:33:54,-07:00,2026-04-30T20:33:54-07:00,0,0
/Users/cj/Documents/GitHub/portfolio/projects/index.html,15,html,dd1ca465,cjkmy,2026-04-30,20:33:54,-07:00,2026-04-30T20:33:54-07:00,2,21
/Users/cj/Documents/GitHub/portfolio/projects/index.html,16,html,dd1ca465,cjkmy,2026-04-30,20:33:54,-07:00,2026-04-30T20:33:54-07:00,1,58
/Users/cj/Documents/GitHub/portfolio/projects/index.html,17,html,dd1ca465,cjkmy,2026-04-30,20:33:54,-07:00,2026-04-30T20:33:54-07:00,1,22
/Users/cj/Documents/GitHub/portfolio/projects/index.html,18,html,dd1ca465,cjkmy,2026-04-30,20:33:54,-07:00,2026-04-30T20:33:54-07:00,0,0
/Users/cj/Documents/GitHub/portfolio/projects/index.html,19,html,dd1ca465,cjkmy,2026-04-30,20:33:54,-07:00,2026-04-30T20:33:54-07:00,0,4
/Users/cj/Documents/GitHub/portfolio/projects/index.html,20,html,dd1ca465,cjkmy,2026-04-30,20:33:54,-07:00,2026-04-30T20:33:54-07:00,0,4
/Users/cj/Documents/GitHub/portfolio/projects/index.html,21,html,dd1ca465,cjkmy,2026-04-30,20:33:54,-07:00,2026-04-30T20:33:54-07:00,1,15
/Users/cj/Documents/GitHub/portfolio/projects/index.html,22,html,dd1ca465,cjkmy,2026-04-30,20:33:54,-07:00,2026-04-30T20:33:54-07:00,1,11
/Users/cj/Documents/GitHub/portfolio/projects/index.html,23,html,dd1ca465,cjkmy,2026-04-30,20:33:54,-07:00,2026-04-30T20:33:54-07:00,1,26
/Users/cj/Documents/GitHub/portfolio/projects/index.html,24,html,dd1ca465,cjkmy,2026-04-30,20:33:54,-07:00,2026-04-30T20:33:54-07:00,1,31
/Users/cj/Documents/GitHub/portfolio/projects/index.html,25,html,dd1ca465,cjkmy,2026-04-30,20:33:54,-07:00,2026-04-30T20:33:54-07:00,0,0
/Users/cj/Documents/GitHub/portfolio/projects/index.html,26,html,859e56fb,cjkmy,2026-04-24,01:23:58,-07:00,2026-04-24T01:23:58-07:00,2,20
/Users/cj/Documents/GitHub/portfolio/projects/index.html,27,html,2963c485,cjkmy,2026-04-08,17:15:36,-07:00,2026-04-08T17:15:36-07:00,2,4
/Users/cj/Documents/GitHub/portfolio/projects/index.html,28,html,c16b7846,cjkmy,2026-04-02,19:52:42,-07:00,2026-04-02T19:52:42-07:00,0,5
/Users/cj/Documents/GitHub/portfolio/projects/index.html,29,html,c16b7846,cjkmy,2026-04-02,19:52:42,-07:00,2026-04-02T19:52:42-07:00,0,5
/Users/cj/Documents/GitHub/portfolio/contact/index.html,1,html,41b76bbe,cjkmy,2026-04-02,18:07:24,-07:00,2026-04-02T18:07:24-07:00,0,13
/Users/cj/Documents/GitHub/portfolio/contact/index.html,2,html,41b76bbe,cjkmy,2026-04-02,18:07:24,-07:00,2026-04-02T18:07:24-07:00,0,14
/Users/cj/Documents/GitHub/portfolio/contact/index.html,3,html,41b76bbe,cjkmy,2026-04-02,18:07:24,-07:00,2026-04-02T18:07:24-07:00,0,4
/Users/cj/Documents/GitHub/portfolio/contact/index.html,4,html,41b76bbe,cjkmy,2026-04-02,18:07:24,-07:00,2026-04-02T18:07:24-07:00,2,20
/Users/cj/Documents/GitHub/portfolio/contact/index.html,5,html,41b76bbe,cjkmy,2026-04-02,18:07:24,-07:00,2026-04-02T18:07:24-07:00,2,68
/Users/cj/Documents/GitHub/portfolio/contact/index.html,6,html,5c10a267,cjkmy,2026-04-02,18:15:20,-07:00,2026-04-02T18:15:20-07:00,2,41
/Users/cj/Documents/GitHub/portfolio/contact/index.html,7,html,9513d8d7,cjkmy,2026-04-15,18:44:08,-07:00,2026-04-15T18:44:08-07:00,2,48
/Users/cj/Documents/GitHub/portfolio/contact/index.html,8,html,203f3a3d,cjkmy,2026-04-02,19:38:32,-07:00,2026-04-02T19:38:32-07:00,2,20
/Users/cj/Documents/GitHub/portfolio/contact/index.html,9,html,41b76bbe,cjkmy,2026-04-02,18:07:24,-07:00,2026-04-02T18:07:24-07:00,0,5
/Users/cj/Documents/GitHub/portfolio/contact/index.html,10,html,41b76bbe,cjkmy,2026-04-02,18:07:24,-07:00,2026-04-02T18:07:24-07:00,0,4
/Users/cj/Documents/GitHub/portfolio/contact/index.html,11,html,203f3a3d,cjkmy,2026-04-02,19:38:32,-07:00,2026-04-02T19:38:32-07:00,2,14
/Users/cj/Documents/GitHub/portfolio/contact/index.html,12,html,203f3a3d,cjkmy,2026-04-02,19:38:32,-07:00,2026-04-02T19:38:32-07:00,2,0
/Users/cj/Documents/GitHub/portfolio/contact/index.html,13,html,9513d8d7,cjkmy,2026-04-15,18:44:08,-07:00,2026-04-15T18:44:08-07:00,2,39
/Users/cj/Documents/GitHub/portfolio/contact/index.html,14,html,41b76bbe,cjkmy,2026-04-02,18:07:24,-07:00,2026-04-02T18:07:24-07:00,2,0
/Users/cj/Documents/GitHub/portfolio/contact/index.html,15,html,92050101,cjkmy,2026-04-02,18:20:40,-07:00,2026-04-02T18:20:40-07:00,2,5
/Users/cj/Documents/GitHub/portfolio/contact/index.html,16,html,92050101,cjkmy,2026-04-02,18:20:40,-07:00,2026-04-02T18:20:40-07:00,4,6
/Users/cj/Documents/GitHub/portfolio/contact/index.html,17,html,92050101,cjkmy,2026-04-02,18:20:40,-07:00,2026-04-02T18:20:40-07:00,4,20
/Users/cj/Documents/GitHub/portfolio/contact/index.html,18,html,92050101,cjkmy,2026-04-02,18:20:40,-07:00,2026-04-02T18:20:40-07:00,2,6
/Users/cj/Documents/GitHub/portfolio/contact/index.html,19,html,41b76bbe,cjkmy,2026-04-02,18:07:24,-07:00,2026-04-02T18:07:24-07:00,0,0
/Users/cj/Documents/GitHub/portfolio/contact/index.html,20,html,92050101,cjkmy,2026-04-02,18:20:40,-07:00,2026-04-02T18:20:40-07:00,2,5
/Users/cj/Documents/GitHub/portfolio/contact/index.html,21,html,92050101,cjkmy,2026-04-02,18:20:40,-07:00,2026-04-02T18:20:40-07:00,4,3
/Users/cj/Documents/GitHub/portfolio/contact/index.html,22,html,92050101,cjkmy,2026-04-02,18:20:40,-07:00,2026-04-02T18:20:40-07:00,4,37
/Users/cj/Documents/GitHub/portfolio/contact/index.html,23,html,92050101,cjkmy,2026-04-02,18:20:40,-07:00,2026-04-02T18:20:40-07:00,2,6
/Users/cj/Documents/GitHub/portfolio/contact/index.html,24,html,92050101,cjkmy,2026-04-02,18:20:40,-07:00,2026-04-02T18:20:40-07:00,0,0
/Users/cj/Documents/GitHub/portfolio/contact/index.html,25,html,ca7497c4,cjkmy,2026-04-02,18:37:46,-07:00,2026-04-02T18:37:46-07:00,2,35
/Users/cj/Documents/GitHub/portfolio/contact/index.html,26,html,92050101,cjkmy,2026-04-02,18:20:40,-07:00,2026-04-02T18:20:40-07:00,2,5
/Users/cj/Documents/GitHub/portfolio/contact/index.html,27,html,41b76bbe,cjkmy,2026-04-02,18:07:24,-07:00,2026-04-02T18:07:24-07:00,0,0
/Users/cj/Documents/GitHub/portfolio/contact/index.html,28,html,41b76bbe,cjkmy,2026-04-02,18:07:24,-07:00,2026-04-02T18:07:24-07:00,0,5
/Users/cj/Documents/GitHub/portfolio/contact/index.html,29,html,41b76bbe,cjkmy,2026-04-02,18:07:24,-07:00,2026-04-02T18:07:24-07:00,0,5
